datetime,ip,referer,uri,resp,byt,useragent,tenth
2022-04-11 17:53,82.28.159.245,http://wagner-green.com/index.asp,/explore,200,4973,Mozilla/5.0 (Android 3.2.6; Mobile; rv:58.0) Gecko/58.0 Firefox/58.0,NULL
2022-04-11 17:53,153.147.104.211,http://evans.org/,/app/main/posts,200,4976,Mozilla/5.0 (X11; Linux i686; rv:1.9.6.20) Gecko/2021-07-11 02:08:01 Firefox/3.6.6,NULL
2022-04-11 17:53,97.67.125.90,http://www.patel.com/main/category/tag/register.htm,/wp-admin,200,4932,Mozilla/5.0 (Android 9; Mobile; rv:19.0) Gecko/19.0 Firefox/19.0,NULL
2022-04-11 17:53,203.98.193.123,https://www.prince-stewart.com/category/search/terms.jsp,/explore,200,4956,"Mozilla/5.0 (Linux; Android 7.1.1) AppleWebKit/536.0 (KHTML, like Gecko) Chrome/17.0.805.0 Safari/536.0",NULL
2022-04-11 17:53,184.254.141.200,https://www.mcbride-phillips.com/main/categories/blog/author.php,/app/main/posts,200,4957,"Mozilla/5.0 (Windows NT 6.2) AppleWebKit/535.2 (KHTML, like Gecko) Chrome/42.0.899.0 Safari/535.2",NULL
2022-04-11 17:53,95.38.100.221,https://norris.biz/,/posts/posts/explore,200,5024,"Mozilla/5.0 (Windows NT 6.1) AppleWebKit/534.0 (KHTML, like Gecko) Chrome/56.0.804.0 Safari/534.0",NULL
2022-04-11 17:53,148.15.156.144,https://www.haynes.net/author/,/explore,200,4975,Mozilla/5.0 (Windows 98; kok-IN; rv:1.9.0.20) Gecko/2013-12-05 08:29:39 Firefox/10.0,NULL
2022-04-11 17:53,55.208.146.63,http://www.miller.org/homepage.html,/wp-content,200,5003,Mozilla/5.0 (Android 7.0; Mobile; rv:35.0) Gecko/35.0 Firefox/35.0,LOG_TEST message 10000 ABCDEFGHIJKLMNOPQRSTUBWXYZ LOG_TEST message 10000 ABCDEFGHIJKLMNOPQRSTUBWXYZ LOG_TEST message 10000 ABCDEFGHIJKLMNOPQRSTUBWXYZ LOG_TEST message 10000 ABCDEFGHIJKLMNOPQRSTUBWXYZ LOG_TEST message 10000 ABCDEFGHIJKLMNOPQRSTUBWXYZ LOG_TEST message 10000 ABCDEFGHIJKLMNOPQRSTUBWXYZ LOG_TEST message 10000 ABCDEFGHIJKLMNOPQRSTUBWXYZ LOG_TEST message 10000 ABCDEFGHIJKLMNOPQRSTUBWXYZ LOG_TEST message 10000 ABCDEFGHIJKLMNOPQRSTUBWXYZ LOG_TEST message 10000 ABCDEFGHIJKLMNOPQRSTUBWXYZ LOG_TEST message 10000 ABCDEFGHIJKLMNOPQRSTUBWXYZ LOG_TEST message 10000 ABCDEFGHIJKLMNOPQRSTUBWXYZ LOG_TEST message 10000 ABCDEFGHIJKLMNOPQRSTUBWXYZ LOG_TEST message 10000 ABCDEFGHIJKLMNOPQRSTUBWXYZ LOG_TEST message 10000 ABCDEFGHIJKLMNOPQRSTUBWXYZ LOG_TEST message 10000 ABCDEFGHIJKLMNOPQRSTUBWXYZ LOG_TEST message 10000 ABCDEFGHIJKLMNOPQRSTUBWXYZ LOG_TEST message 10000 ABCDEFGHIJKLMNOPQRSTUBWXYZ LOG_TEST message 10000 ABCDEFGHIJKLMNOPQRSTUBWXYZ LOG_TEST message 10000 ABCDEFGHIJKLMNOPQRSTUBWXYZ LOG_TEST message 10000 ABCDEFGHIJKLMNOPQRSTUBWXYZ LOG_TEST message 10000 ABCDEFGHIJKLMNOPQRSTUBWXYZ LOG_TEST message 10000 ABCDEFGHIJKLMNOPQRSTUBWXYZ LOG_TEST message 10000 ABCDEFGHIJKLMNOPQRSTUBWXYZ LOG_TEST message 10000 ABCDEFGHIJKLMNOPQRSTUBWXYZ LOG_TEST message 10000 ABCDEFGHIJKLMNOPQRSTUBWXYZ LOG_TEST message 10000 ABCDEFGHIJKLMNOPQRSTUBWXYZ LOG_TEST message 10000 ABCDEFGHIJKLMNOPQRSTUBWXYZ LOG_TEST message 10000 ABCDEFGHIJKLMNOPQRSTUBWXYZ LOG_TEST message 10000 ABCDEFGHIJKLMNOPQRSTUBWXYZ LOG_TEST message 10000 ABCDEFGHIJKLMNOPQRSTUBWXYZ LOG_TEST message 10000 ABCDEFGHIJKLMNOPQRSTUBWXYZ LOG_TEST message 10000 ABCDEFGHIJKLMNOPQRSTUBWXYZ LOG_TEST message 10000 ABCDEFGHIJKLMNOPQRSTUBWXYZ LOG_TEST message 10000 ABCDEFGHIJKLMNOPQRSTUBWXYZ LOG_TEST message 10000 ABCDEFGHIJKLMNOPQRSTUBWXYZ LOG_TEST message 10000 ABCDEFGHIJKLMNOPQRSTUBWXYZ LOG_TEST message 10000 ABCDEFGHIJKLMNOPQRSTUBWXYZ LOG_TEST message 10000 ABCDEFGHIJKLMNOPQRSTUBWXYZ LOG_TEST message 10000 ABCDEFGHIJKLMNOPQRSTUBWXYZ LOG_TEST message 10000 ABCDEFGHIJKLMNOPQRSTUBWXYZ LOG_TEST message 10000 ABCDEFGHIJKLMNOPQRSTUBWXYZ LOG_TEST message 10000 ABCDEFGHIJKLMNOPQRSTUBWXYZ LOG_TEST message 10000 ABCDEFGHIJKLMNOPQRSTUBWXYZ LOG_TEST message 10000 ABCDEFGHIJKLMNOPQRSTUBWXYZ LOG_TEST message 10000 ABCDEFGHIJKLMNOPQRSTUBWXYZ LOG_TEST message 10000 ABCDEFGHIJKLMNOPQRSTUBWXYZ LOG_TEST message 10000 ABCDEFGHIJKLMNOPQRSTUBWXYZ LOG_TEST message 10000 ABCDEFGHIJKLMNOPQRSTUBWXYZ LOG_TEST message 10000 ABCDEFGHIJKLMNOPQRSTUBWXYZ LOG_TEST message 10000 ABCDEFGHIJKLMNOPQRSTUBWXYZ LOG_TEST message 10000 ABCDEFGHIJKLMNOPQRSTUBWXYZ LOG_TEST message 10000 ABCDEFGHIJKLMNOPQRSTUBWXYZ LOG_TEST message 10000 ABCDEFGHIJKLMNOPQRSTUBWXYZ LOG_TEST message 10000 ABCDEFGHIJKLMNOPQRSTUBWXYZ LOG_TEST message 10000 ABCDEFGHIJKLMNOPQRSTUBWXYZ LOG_TEST message 10000 ABCDEFGHIJKLMNOPQRSTUBWXYZ LOG_TEST message 10000 ABCDEFGHIJKLMNOPQRSTUBWXYZ LOG_TEST message 10000 ABCDEFGHIJKLMNOPQRSTUBWXYZ LOG_TEST message 10000 ABCDEFGHIJKLMNOPQRSTUBWXYZ LOG_TEST message 10000 ABCDEFGHIJKLMNOPQRSTUBWXYZ LOG_TEST message 10000 ABCDEFGHIJKLMNOPQRSTUBWXYZ LOG_TEST message 10000 ABCDEFGHIJKLMNOPQRSTUBWXYZ LOG_TEST message 10000 ABCDEFGHIJKLMNOPQRSTUBWXYZ LOG_TEST message 10000 ABCDEFGHIJKLMNOPQRSTUBWXYZ LOG_TEST message 10000 ABCDEFGHIJKLMNOPQRSTUBWXYZ LOG_TEST message 10000 ABCDEFGHIJKLMNOPQRSTUBWXYZ LOG_TEST message 10000 ABCDEFGHIJKLMNOPQRSTUBWXYZ LOG_TEST message 10000 ABCDEFGHIJKLMNOPQRSTUBWXYZ LOG_TEST message 10000 ABCDEFGHIJKLMNOPQRSTUBWXYZ LOG_TEST message 10000 ABCDEFGHIJKLMNOPQRSTUBWXYZ LOG_TEST message 10000 ABCDEFGHIJKLMNOPQRSTUBWXYZ LOG_TEST message 10000 ABCDEFGHIJKLMNOPQRSTUBWXYZ LOG_TEST message 10000 ABCDEFGHIJKLMNOPQRSTUBWXYZ LOG_TEST message 10000 ABCDEFGHIJKLMNOPQRSTUBWXYZ LOG_TEST message 10000 ABCDEFGHIJKLMNOPQRSTUBWXYZ LOG_TEST message 10000 ABCDEFGHIJKLMNOPQRSTUBWXYZ LOG_TEST message 10000 ABCDEFGHIJKLMNOPQRSTUBWXYZ LOG_TEST message 10000 ABCDEFGHIJKLMNOPQRSTUBWXYZ LOG_TEST message 10000 ABCDEFGHIJKLMNOPQRSTUBWXYZ LOG_TEST message 10000 ABCDEFGHIJKLMNOPQRSTUBWXYZ LOG_TEST message 10000 ABCDEFGHIJKLMNOPQRSTUBWXYZ LOG_TEST message 10000 ABCDEFGHIJKLMNOPQRSTUBWXYZ LOG_TEST message 10000 ABCDEFGHIJKLMNOPQRSTUBWXYZ LOG_TEST message 10000 ABCDEFGHIJKLMNOPQRSTUBWXYZ LOG_TEST message 10000 ABCDEFGHIJKLMNOPQRSTUBWXYZ LOG_TEST message 10000 ABCDEFGHIJKLMNOPQRSTUBWXYZ LOG_TEST message 10000 ABCDEFGHIJKLMNOPQRSTUBWXYZ LOG_TEST message 10000 ABCDEFGHIJKLMNOPQRSTUBWXYZ LOG_TEST message 10000 ABCDEFGHIJKLMNOPQRSTUBWXYZ LOG_TEST message 10000 ABCDEFGHIJKLMNOPQRSTUBWXYZ LOG_TEST message 10000 ABCDEFGHIJKLMNOPQRSTUBWXYZ LOG_TEST message 10000 ABCDEFGHIJKLMNOPQRSTUBWXYZ LOG_TEST message 10000 ABCDEFGHIJKLMNOPQRSTUBWXYZ LOG_TEST message 10000 ABCDEFGHIJKLMNOPQRSTUBWXYZ LOG_TEST message 10000 ABCDEFGHIJKLMNOPQRSTUBWXYZ LOG_TEST message 10000 ABCDEFGHIJKLMNOPQRSTUBWXYZ LOG_TEST message 10000 ABCDEFGHIJKLMNOPQRSTUBWXYZ LOG_TEST message 10000 ABCDEFGHIJKLMNOPQRSTUBWXYZ LOG_TEST message 10000 ABCDEFGHIJKLMNOPQRSTUBWXYZ LOG_TEST message 10000 ABCDEFGHIJKLMNOPQRSTUBWXYZ LOG_TEST message 10000 ABCDEFGHIJKLMNOPQRSTUBWXYZ LOG_TEST message 10000 ABCDEFGHIJKLMNOPQRSTUBWXYZ LOG_TEST message 10000 ABCDEFGHIJKLMNOPQRSTUBWXYZ LOG_TEST message 10000 ABCDEFGHIJKLMNOPQRSTUBWXYZ LOG_TEST message 10000 ABCDEFGHIJKLMNOPQRSTUBWXYZ LOG_TEST message 10000 ABCDEFGHIJKLMNOPQRSTUBWXYZ LOG_TEST message 10000 ABCDEFGHIJKLMNOPQRSTUBWXYZ LOG_TEST message 10000 ABCDEFGHIJKLMNOPQRSTUBWXYZ LOG_TEST message 10000 ABCDEFGHIJKLMNOPQRSTUBWXYZ LOG_TEST message 10000 ABCDEFGHIJKLMNOPQRSTUBWXYZ LOG_TEST message 10000 ABCDEFGHIJKLMNOPQRSTUBWXYZ LOG_TEST message 10000 ABCDEFGHIJKLMNOPQRSTUBWXYZ LOG_TEST message 10000 ABCDEFGHIJKLMNOPQRSTUBWXYZ LOG_TEST message 10000 ABCDEFGHIJKLMNOPQRSTUBWXYZ LOG_TEST message 10000 ABCDEFGHIJKLMNOPQRSTUBWXYZ LOG_TEST message 10000 ABCDEFGHIJKLMNOPQRSTUBWXYZ LOG_TEST message 10000 ABCDEFGHIJKLMNOPQRSTUBWXYZ LOG_TEST message 10000 ABCDEFGHIJKLMNOPQRSTUBWXYZ LOG_TEST message 10000 ABCDEFGHIJKLMNOPQRSTUBWXYZ LOG_TEST message 10000 ABCDEFGHIJKLMNOPQRSTUBWXYZ LOG_TEST message 10000 ABCDEFGHIJKLMNOPQRSTUBWXYZ LOG_TEST message 10000 ABCDEFGHIJKLMNOPQRSTUBWXYZ LOG_TEST message 10000 ABCDEFGHIJKLMNOPQRSTUBWXYZ LOG_TEST message 10000 ABCDEFGHIJKLMNOPQRSTUBWXYZ LOG_TEST message 10000 ABCDEFGHIJKLMNOPQRSTUBWXYZ LOG_TEST message 10000 ABCDEFGHIJKLMNOPQRSTUBWXYZ LOG_TEST message 10000 ABCDEFGHIJKLMNOPQRSTUBWXYZ LOG_TEST message 10000 ABCDEFGHIJKLMNOPQRSTUBWXYZ LOG_TEST message 10000 ABCDEFGHIJKLMNOPQRSTUBWXYZ LOG_TEST message 10000 ABCDEFGHIJKLMNOPQRSTUBWXYZ LOG_TEST message 10000 ABCDEFGHIJKLMNOPQRSTUBWXYZ LOG_TEST message 10000 ABCDEFGHIJKLMNOPQRSTUBWXYZ LOG_TEST message 10000 ABCDEFGHIJKLMNOPQRSTUBWXYZ LOG_TEST message 10000 ABCDEFGHIJKLMNOPQRSTUBWXYZ LOG_TEST message 10000 ABCDEFGHIJKLMNOPQRSTUBWXYZ LOG_TEST message 10000 ABCDEFGHIJKLMNOPQRSTUBWXYZ LOG_TEST message 10000 ABCDEFGHIJKLMNOPQRSTUBWXYZ LOG_TEST message 10000 ABCDEFGHIJKLMNOPQRSTUBWXYZ LOG_TEST message 10000 ABCDEFGHIJKLMNOPQRSTUBWXYZ LOG_TEST message 10000 ABCDEFGHIJKLMNOPQRSTUBWXYZ LOG_TEST message 10000 ABCDEFGHIJKLMNOPQRSTUBWXYZ LOG_TEST message 10000 ABCDEFGHIJKLMNOPQRSTUBWXYZ LOG_TEST message 10000 ABCDEFGHIJKLMNOPQRSTUBWXYZ LOG_TEST message 10000 ABCDEFGHIJKLMNOPQRSTUBWXYZ LOG_TEST message 10000 ABCDEFGHIJKLMNOPQRSTUBWXYZ LOG_TEST message 10000 ABCDEFGHIJKLMNOPQRSTUBWXYZ LOG_TEST message 10000 ABCDEFGHIJKLMNOPQRSTUBWXYZ LOG_TEST message 10000 ABCDEFGHIJKLMNOPQRSTUBWXYZ LOG_TEST message 10000 ABCDEFGHIJKLMNOPQRSTUBWXYZ LOG_TEST message 10000 ABCDEFGHIJKLMNOPQRSTUBWXYZ LOG_TEST message 10000 ABCDEFGHIJKLMNOPQRSTUBWXYZ LOG_TEST message 10000 ABCDEFGHIJKLMNOPQRSTUBWXYZ LOG_TEST message 10000 ABCDEFGHIJKLMNOPQRSTUBWXYZ LOG_TEST message 10000 ABCDEFGHIJKLMNOPQRSTUBWXYZ LOG_TEST message 10000 ABCDEFGHIJKLMNOPQRSTUBWXYZ LOG_TEST message 10000 ABCDEFGHIJKLMNOPQRSTUBWXYZ LOG_TEST message 10000 ABCDEFGHIJKLMNOPQRSTUBWXYZ LOG_TEST message 10000 ABCDEFGHIJKLMNOPQRSTUBWXYZ LOG_TEST message 10000 ABCDEFGHIJKLMNOPQRSTUBWXYZ LOG_TEST message 10000 ABCDEFGHIJKLMNOPQRSTUBWXYZ LOG_TEST message 10000 ABCDEFGHIJKLMNOPQRSTUBWXYZ LOG_TEST message 10000 ABCDEFGHIJKLMNOPQRSTUBWXYZ LOG_TEST message 10000 ABCDEFGHIJKLMNOPQRSTUBWXYZ LOG_TEST message 10000 ABCDEFGHIJKLMNOPQRSTUBWXYZ LOG_TEST message 10000 ABCDEFGHIJKLMNOPQRSTUBWXYZ LOG_TEST message 10000 ABCDEFGHIJKLMNOPQRSTUBWXYZ LOG_TEST message 10000 ABCDEFGHIJKLMNOPQRSTUBWXYZ LOG_TEST message 10000 ABCDEFGHIJKLMNOPQRSTUBWXYZ LOG_TEST message 10000 ABCDEFGHIJKLMNOPQRSTUBWXYZ LOG_TEST message 10000 ABCDEFGHIJKLMNOPQRSTUBWXYZ LOG_TEST message 10000 ABCDEFGHIJKLMNOPQRSTUBWXYZ LOG_TEST message 10000 ABCDEFGHIJKLMNOPQRSTUBWXYZ LOG_TEST message 10000 ABCDEFGHIJKLMNOPQRSTUBWXYZ LOG_TEST message 10000 ABCDEFGHIJKLMNOPQRSTUBWXYZ LOG_TEST message 10000 ABCDEFGHIJKLMNOPQRSTUBWXYZ LOG_TEST message 10000 ABCDEFGHIJKLMNOPQRSTUBWXYZ LOG_TEST message 10000 ABCDEFGHIJKLMNOPQRSTUBWXYZ LOG_TEST message 10000 ABCDEFGHIJKLMNOPQRSTUBWXYZ LOG_TEST message 10000 ABCDEFGHIJKLMNOPQRSTUBWXYZ LOG_TEST message 10000 ABCDEFGHIJKLMNOPQRSTUBWXYZ LOG_TEST message 10000 ABCDEFGHIJKLMNOPQRSTUBWXYZ LOG_TEST message 10000 ABCDEFGHIJKLMNOPQRSTUBWXYZ LOG_TEST message 10000 ABCDEFGHIJKLMNOPQRSTUBWXYZ LOG_TEST message 10000 ABCDEFGHIJKLMNOPQRSTUBWXYZ LOG_TEST message 10000 ABCDEFGHIJKLMNOPQRSTUBWXYZ LOG_TEST message 10000 ABCDEFGHIJKLMNOPQRSTUBWXYZ LOG_TEST message 10000 ABCDEFGHIJKLMNOPQRSTUBWXYZ LOG_TEST message 10000 ABCDEFGHIJKLMNOPQRSTUBWXYZ LOG_TEST message 10000 ABCDEFGHIJKLMNOPQRSTUBWXYZ LOG_TEST message 10000 ABCDEFGHIJKLMNOPQRSTUBWXYZ LOG_TEST message 10000 ABCDEFGHIJKLMNOPQRSTUBWXYZ LOG_TEST message 10000 ABCDEFGHIJKLMNOPQRSTUBWXYZ LOG_TEST message 10000 ABCDEFGHIJKLMNOPQRSTUBWXYZ LOG_TEST message 10000 ABCDEFGHIJKLMNOPQRSTUBWXYZ LOG_TEST message 10000 ABCDEFGHIJKLMNOPQRSTUBWXYZ LOG_TEST message 10000 ABCDEFGHIJKLMNOPQRSTUBWXYZ LOG_TEST message 10000 ABCDEFGHIJKLMNOPQRSTUBWXYZ LOG_TEST message 10000 ABCDEFGHIJKLMNOPQRSTUBWXYZ LOG_TEST message 10000 ABCDEFGHIJKLMNOPQRSTUBWXYZ 
2022-04-11 17:53,180.150.247.88,http://www.cooper.com/,/wp-content,200,5017,Mozilla/5.0 (X11; Linux i686; rv:1.9.6.20) Gecko/2021-08-07 12:07:25 Firefox/3.6.3,NULL
2022-04-11 17:53,7.22.36.84,https://johnson-ramirez.biz/posts/login/,/posts/posts/explore,301,5018,Mozilla/5.0 (compatible; MSIE 9.0; Windows 98; Win 9x 4.90; Trident/3.1),NULL
2022-04-11 17:55,13.35.123.27,https://reed.net/author/,/posts/posts/explore,200,5007,Mozilla/5.0 (Android 6.0; Mobile; rv:66.0) Gecko/66.0 Firefox/66.0,NULL
2022-04-11 17:55,151.90.167.106,https://eaton.com/app/posts/categories/login/,/app/main/posts,200,5039,"Mozilla/5.0 (iPhone; CPU iPhone OS 7_1_2 like Mac OS X) AppleWebKit/534.1 (KHTML, like Gecko) CriOS/17.0.887.0 Mobile/68U462 Safari/534.1",NULL
2022-04-11 17:55,13.26.157.226,https://chapman.org/,/wp-admin,404,5000,"Mozilla/5.0 (Linux; Android 2.1) AppleWebKit/532.0 (KHTML, like Gecko) Chrome/63.0.894.0 Safari/532.0",NULL
2022-04-11 17:55,135.206.172.177,http://davis.com/posts/main/post.htm,/search/tag/list,301,4932,"Mozilla/5.0 (Linux; Android 5.1) AppleWebKit/531.0 (KHTML, like Gecko) Chrome/26.0.853.0 Safari/531.0",NULL
2022-04-11 17:55,41.124.237.133,https://www.tanner.com/search/main/,/posts/posts/explore,200,5036,Opera/9.84.(X11; Linux x86_64; hu-HU) Presto/2.9.180 Version/11.00,NULL
2022-04-11 17:55,104.123.124.103,http://www.brandt-porter.info/posts/homepage/,/wp-admin,200,5059,"Mozilla/5.0 (X11; Linux x86_64) AppleWebKit/532.0 (KHTML, like Gecko) Chrome/54.0.846.0 Safari/532.0",NULL
2022-04-11 17:55,96.75.218.159,http://www.frye.com/app/main.php,/wp-content,200,5039,"Mozilla/5.0 (Linux; Android 5.0) AppleWebKit/535.1 (KHTML, like Gecko) Chrome/42.0.810.0 Safari/535.1",NULL
2022-04-11 17:55,171.30.86.38,http://www.rocha.biz/,/posts/posts/explore,200,5035,Opera/9.25.(Windows NT 6.2; ru-UA) Presto/2.9.171 Version/10.00,NULL
2022-04-11 17:55,58.195.87.3,http://hernandez.com/faq/,/posts/posts/explore,200,4979,"Mozilla/5.0 (X11; Linux x86_64) AppleWebKit/535.2 (KHTML, like Gecko) Chrome/50.0.801.0 Safari/535.2",NULL
2022-04-11 17:55,212.192.41.15,https://www.fischer-wagner.com/tags/tags/search.html,/posts/posts/explore,200,4988,"Mozilla/5.0 (Windows; U; Windows NT 4.0) AppleWebKit/534.11.5 (KHTML, like Gecko) Version/4.1 Safari/534.11.5",NULL
2022-04-11 17:55,76.109.47.5,https://www.holder.com/about/,/search/tag/list,200,5039,"Mozilla/5.0 (Macintosh; U; Intel Mac OS X 10_10_2 rv:6.0; et-EE) AppleWebKit/535.42.6 (KHTML, like Gecko) Version/4.0 Safari/535.42.6",NULL
2022-04-11 17:55,182.234.156.62,http://www.robertson-nelson.com/faq/,/search/tag/list,200,5042,Opera/9.40.(X11; Linux x86_64; gv-GB) Presto/2.9.186 Version/10.00,NULL
2022-04-11 17:55,25.232.149.252,https://liu-stanton.com/,/explore,301,4952,Mozilla/5.0 (Android 4.4; Mobile; rv:54.0) Gecko/54.0 Firefox/54.0,NULL
2022-04-11 17:55,78.125.200.175,https://smith.com/,/explore,200,4924,Mozilla/5.0 (compatible; MSIE 9.0; Windows 98; Trident/4.1),NULL
2022-04-11 17:55,17.147.241.250,http://franklin-shepherd.com/list/list/blog/search/,/search/tag/list,200,5056,Opera/8.29.(X11; Linux i686; tn-ZA) Presto/2.9.160 Version/12.00,NULL
2022-04-11 17:55,143.41.228.76,https://www.santos.biz/,/explore,500,5106,"Mozilla/5.0 (Windows; U; Windows NT 5.1) AppleWebKit/535.13.1 (KHTML, like Gecko) Version/5.0.5 Safari/535.13.1",NULL
2022-04-11 17:55,75.21.193.8,http://lozano.com/tag/explore/list/login/,/search/tag/list,200,4991,Mozilla/5.0 (Windows 98; Win 9x 4.90; bs-BA; rv:1.9.1.20) Gecko/2019-06-13 17:15:51 Firefox/3.6.4,NULL
2022-04-11 17:55,158.150.14.186,http://brown.com/app/category.php,/wp-admin,200,5029,"Mozilla/5.0 (X11; Linux i686) AppleWebKit/532.2 (KHTML, like Gecko) Chrome/26.0.833.0 Safari/532.2",NULL
2022-04-11 17:55,120.251.163.57,http://white.biz/wp-content/list/explore/post/,/search/tag/list,200,4931,"Mozilla/5.0 (X11; Linux i686) AppleWebKit/536.1 (KHTML, like Gecko) Chrome/27.0.856.0 Safari/536.1",NULL
2022-04-11 17:55,30.236.35.244,http://www.parker.com/terms.htm,/apps/cart.jsp?appID=3231,200,5017,Opera/8.49.(X11; Linux i686; fr-CH) Presto/2.9.184 Version/12.00,NULL
2022-04-11 17:55,207.158.245.120,https://church.info/,/posts/posts/explore,301,4956,"Mozilla/5.0 (X11; Linux i686) AppleWebKit/531.1 (KHTML, like Gecko) Chrome/50.0.854.0 Safari/531.1",NULL
2022-04-11 17:55,5.54.6.68,https://taylor.com/categories/login/,/search/tag/list,200,4933,"Mozilla/5.0 (iPad; CPU iPad OS 3_1_3 like Mac OS X) AppleWebKit/531.2 (KHTML, like Gecko) FxiOS/17.9c2828.0 Mobile/01H602 Safari/531.2",NULL
2022-04-11 17:55,45.146.208.64,http://lawson-gonzalez.com/faq.php,/posts/posts/explore,200,4954,"Mozilla/5.0 (iPad; CPU iPad OS 12_4_8 like Mac OS X) AppleWebKit/533.1 (KHTML, like Gecko) FxiOS/15.8m2175.0 Mobile/67P771 Safari/533.1",NULL
2022-04-11 17:55,53.136.190.14,https://stevens-clarke.com/list/home.php,/app/main/posts,200,4896,Mozilla/5.0 (X11; Linux i686; rv:1.9.6.20) Gecko/2011-05-17 12:09:53 Firefox/12.0,NULL
2022-04-11 17:55,93.243.144.221,https://beasley-newton.net/posts/main/category/,/list,200,5168,"Mozilla/5.0 (iPad; CPU iPad OS 9_3_5 like Mac OS X) AppleWebKit/532.0 (KHTML, like Gecko) FxiOS/13.1z5384.0 Mobile/43A821 Safari/532.0",NULL
2022-04-11 17:55,6.126.52.138,https://www.brown.biz/blog/app/search/privacy.html,/app/main/posts,301,4963,"Mozilla/5.0 (iPod; U; CPU iPhone OS 3_3 like Mac OS X; sd-PK) AppleWebKit/531.26.3 (KHTML, like Gecko) Version/3.0.5 Mobile/8B111 Safari/6531.26.3",NULL
2022-04-11 17:55,24.164.210.129,https://wilson-lee.com/register.htm,/wp-admin,200,5023,Mozilla/5.0 (Windows 98; Win 9x 4.90; tcy-IN; rv:1.9.2.20) Gecko/2022-02-16 10:21:39 Firefox/3.6.19,NULL
2022-04-11 17:55,9.107.112.123,https://wise.net/categories/posts/main/index.html,/list,200,4978,Mozilla/5.0 (Macintosh; U; PPC Mac OS X 10_10_2; rv:1.9.4.20) Gecko/2011-05-01 09:05:07 Firefox/3.8,NULL
2022-04-11 17:55,125.205.106.102,https://jensen.com/terms/,/apps/cart.jsp?appID=3806,200,4975,Mozilla/5.0 (compatible; MSIE 6.0; Windows CE; Trident/3.1),NULL
2022-04-11 17:55,44.32.241.64,https://west.org/main/,/apps/cart.jsp?appID=5158,200,5028,Mozilla/5.0 (Macintosh; PPC Mac OS X 10_9_7; rv:1.9.3.20) Gecko/2010-07-24 06:21:55 Firefox/3.8,NULL
2022-04-11 17:56,52.91.217.6,https://colon.com/post/,/apps/cart.jsp?appID=2683,200,5049,Mozilla/5.0 (Macintosh; U; Intel Mac OS X 10_9_1; rv:1.9.3.20) Gecko/2020-03-05 14:02:11 Firefox/3.8,LOG_TEST message 10000 ABCDEFGHIJKLMNOPQRSTUBWXYZ LOG_TEST message 10000 ABCDEFGHIJKLMNOPQRSTUBWXYZ LOG_TEST message 10000 ABCDEFGHIJKLMNOPQRSTUBWXYZ LOG_TEST message 10000 ABCDEFGHIJKLMNOPQRSTUBWXYZ LOG_TEST message 10000 ABCDEFGHIJKLMNOPQRSTUBWXYZ LOG_TEST message 10000 ABCDEFGHIJKLMNOPQRSTUBWXYZ LOG_TEST message 10000 ABCDEFGHIJKLMNOPQRSTUBWXYZ LOG_TEST message 10000 ABCDEFGHIJKLMNOPQRSTUBWXYZ LOG_TEST message 10000 ABCDEFGHIJKLMNOPQRSTUBWXYZ LOG_TEST message 10000 ABCDEFGHIJKLMNOPQRSTUBWXYZ LOG_TEST message 10000 ABCDEFGHIJKLMNOPQRSTUBWXYZ LOG_TEST message 10000 ABCDEFGHIJKLMNOPQRSTUBWXYZ LOG_TEST message 10000 ABCDEFGHIJKLMNOPQRSTUBWXYZ LOG_TEST message 10000 ABCDEFGHIJKLMNOPQRSTUBWXYZ LOG_TEST message 10000 ABCDEFGHIJKLMNOPQRSTUBWXYZ LOG_TEST message 10000 ABCDEFGHIJKLMNOPQRSTUBWXYZ LOG_TEST message 10000 ABCDEFGHIJKLMNOPQRSTUBWXYZ LOG_TEST message 10000 ABCDEFGHIJKLMNOPQRSTUBWXYZ LOG_TEST message 10000 ABCDEFGHIJKLMNOPQRSTUBWXYZ LOG_TEST message 10000 ABCDEFGHIJKLMNOPQRSTUBWXYZ LOG_TEST message 10000 ABCDEFGHIJKLMNOPQRSTUBWXYZ LOG_TEST message 10000 ABCDEFGHIJKLMNOPQRSTUBWXYZ LOG_TEST message 10000 ABCDEFGHIJKLMNOPQRSTUBWXYZ LOG_TEST message 10000 ABCDEFGHIJKLMNOPQRSTUBWXYZ LOG_TEST message 10000 ABCDEFGHIJKLMNOPQRSTUBWXYZ LOG_TEST message 10000 ABCDEFGHIJKLMNOPQRSTUBWXYZ LOG_TEST message 10000 ABCDEFGHIJKLMNOPQRSTUBWXYZ LOG_TEST message 10000 ABCDEFGHIJKLMNOPQRSTUBWXYZ LOG_TEST message 10000 ABCDEFGHIJKLMNOPQRSTUBWXYZ LOG_TEST message 10000 ABCDEFGHIJKLMNOPQRSTUBWXYZ LOG_TEST message 10000 ABCDEFGHIJKLMNOPQRSTUBWXYZ LOG_TEST message 10000 ABCDEFGHIJKLMNOPQRSTUBWXYZ LOG_TEST message 10000 ABCDEFGHIJKLMNOPQRSTUBWXYZ LOG_TEST message 10000 ABCDEFGHIJKLMNOPQRSTUBWXYZ LOG_TEST message 10000 ABCDEFGHIJKLMNOPQRSTUBWXYZ LOG_TEST message 10000 ABCDEFGHIJKLMNOPQRSTUBWXYZ LOG_TEST message 10000 ABCDEFGHIJKLMNOPQRSTUBWXYZ LOG_TEST message 10000 ABCDEFGHIJKLMNOPQRSTUBWXYZ LOG_TEST message 10000 ABCDEFGHIJKLMNOPQRSTUBWXYZ LOG_TEST message 10000 ABCDEFGHIJKLMNOPQRSTUBWXYZ LOG_TEST message 10000 ABCDEFGHIJKLMNOPQRSTUBWXYZ LOG_TEST message 10000 ABCDEFGHIJKLMNOPQRSTUBWXYZ LOG_TEST message 10000 ABCDEFGHIJKLMNOPQRSTUBWXYZ LOG_TEST message 10000 ABCDEFGHIJKLMNOPQRSTUBWXYZ LOG_TEST message 10000 ABCDEFGHIJKLMNOPQRSTUBWXYZ LOG_TEST message 10000 ABCDEFGHIJKLMNOPQRSTUBWXYZ LOG_TEST message 10000 ABCDEFGHIJKLMNOPQRSTUBWXYZ LOG_TEST message 10000 ABCDEFGHIJKLMNOPQRSTUBWXYZ LOG_TEST message 10000 ABCDEFGHIJKLMNOPQRSTUBWXYZ LOG_TEST message 10000 ABCDEFGHIJKLMNOPQRSTUBWXYZ LOG_TEST message 10000 ABCDEFGHIJKLMNOPQRSTUBWXYZ LOG_TEST message 10000 ABCDEFGHIJKLMNOPQRSTUBWXYZ LOG_TEST message 10000 ABCDEFGHIJKLMNOPQRSTUBWXYZ LOG_TEST message 10000 ABCDEFGHIJKLMNOPQRSTUBWXYZ LOG_TEST message 10000 ABCDEFGHIJKLMNOPQRSTUBWXYZ LOG_TEST message 10000 ABCDEFGHIJKLMNOPQRSTUBWXYZ LOG_TEST message 10000 ABCDEFGHIJKLMNOPQRSTUBWXYZ LOG_TEST message 10000 ABCDEFGHIJKLMNOPQRSTUBWXYZ LOG_TEST message 10000 ABCDEFGHIJKLMNOPQRSTUBWXYZ LOG_TEST message 10000 ABCDEFGHIJKLMNOPQRSTUBWXYZ LOG_TEST message 10000 ABCDEFGHIJKLMNOPQRSTUBWXYZ LOG_TEST message 10000 ABCDEFGHIJKLMNOPQRSTUBWXYZ LOG_TEST message 10000 ABCDEFGHIJKLMNOPQRSTUBWXYZ LOG_TEST message 10000 ABCDEFGHIJKLMNOPQRSTUBWXYZ LOG_TEST message 10000 ABCDEFGHIJKLMNOPQRSTUBWXYZ LOG_TEST message 10000 ABCDEFGHIJKLMNOPQRSTUBWXYZ LOG_TEST message 10000 ABCDEFGHIJKLMNOPQRSTUBWXYZ LOG_TEST message 10000 ABCDEFGHIJKLMNOPQRSTUBWXYZ LOG_TEST message 10000 ABCDEFGHIJKLMNOPQRSTUBWXYZ LOG_TEST message 10000 ABCDEFGHIJKLMNOPQRSTUBWXYZ LOG_TEST message 10000 ABCDEFGHIJKLMNOPQRSTUBWXYZ LOG_TEST message 10000 ABCDEFGHIJKLMNOPQRSTUBWXYZ LOG_TEST message 10000 ABCDEFGHIJKLMNOPQRSTUBWXYZ LOG_TEST message 10000 ABCDEFGHIJKLMNOPQRSTUBWXYZ LOG_TEST message 10000 ABCDEFGHIJKLMNOPQRSTUBWXYZ LOG_TEST message 10000 ABCDEFGHIJKLMNOPQRSTUBWXYZ LOG_TEST message 10000 ABCDEFGHIJKLMNOPQRSTUBWXYZ LOG_TEST message 10000 ABCDEFGHIJKLMNOPQRSTUBWXYZ LOG_TEST message 10000 ABCDEFGHIJKLMNOPQRSTUBWXYZ LOG_TEST message 10000 ABCDEFGHIJKLMNOPQRSTUBWXYZ LOG_TEST message 10000 ABCDEFGHIJKLMNOPQRSTUBWXYZ LOG_TEST message 10000 ABCDEFGHIJKLMNOPQRSTUBWXYZ LOG_TEST message 10000 ABCDEFGHIJKLMNOPQRSTUBWXYZ LOG_TEST message 10000 ABCDEFGHIJKLMNOPQRSTUBWXYZ LOG_TEST message 10000 ABCDEFGHIJKLMNOPQRSTUBWXYZ LOG_TEST message 10000 ABCDEFGHIJKLMNOPQRSTUBWXYZ LOG_TEST message 10000 ABCDEFGHIJKLMNOPQRSTUBWXYZ LOG_TEST message 10000 ABCDEFGHIJKLMNOPQRSTUBWXYZ LOG_TEST message 10000 ABCDEFGHIJKLMNOPQRSTUBWXYZ LOG_TEST message 10000 ABCDEFGHIJKLMNOPQRSTUBWXYZ LOG_TEST message 10000 ABCDEFGHIJKLMNOPQRSTUBWXYZ LOG_TEST message 10000 ABCDEFGHIJKLMNOPQRSTUBWXYZ LOG_TEST message 10000 ABCDEFGHIJKLMNOPQRSTUBWXYZ LOG_TEST message 10000 ABCDEFGHIJKLMNOPQRSTUBWXYZ LOG_TEST message 10000 ABCDEFGHIJKLMNOPQRSTUBWXYZ LOG_TEST message 10000 ABCDEFGHIJKLMNOPQRSTUBWXYZ LOG_TEST message 10000 ABCDEFGHIJKLMNOPQRSTUBWXYZ LOG_TEST message 10000 ABCDEFGHIJKLMNOPQRSTUBWXYZ LOG_TEST message 10000 ABCDEFGHIJKLMNOPQRSTUBWXYZ LOG_TEST message 10000 ABCDEFGHIJKLMNOPQRSTUBWXYZ LOG_TEST message 10000 ABCDEFGHIJKLMNOPQRSTUBWXYZ LOG_TEST message 10000 ABCDEFGHIJKLMNOPQRSTUBWXYZ LOG_TEST message 10000 ABCDEFGHIJKLMNOPQRSTUBWXYZ LOG_TEST message 10000 ABCDEFGHIJKLMNOPQRSTUBWXYZ LOG_TEST message 10000 ABCDEFGHIJKLMNOPQRSTUBWXYZ LOG_TEST message 10000 ABCDEFGHIJKLMNOPQRSTUBWXYZ LOG_TEST message 10000 ABCDEFGHIJKLMNOPQRSTUBWXYZ LOG_TEST message 10000 ABCDEFGHIJKLMNOPQRSTUBWXYZ LOG_TEST message 10000 ABCDEFGHIJKLMNOPQRSTUBWXYZ LOG_TEST message 10000 ABCDEFGHIJKLMNOPQRSTUBWXYZ LOG_TEST message 10000 ABCDEFGHIJKLMNOPQRSTUBWXYZ LOG_TEST message 10000 ABCDEFGHIJKLMNOPQRSTUBWXYZ LOG_TEST message 10000 ABCDEFGHIJKLMNOPQRSTUBWXYZ LOG_TEST message 10000 ABCDEFGHIJKLMNOPQRSTUBWXYZ LOG_TEST message 10000 ABCDEFGHIJKLMNOPQRSTUBWXYZ LOG_TEST message 10000 ABCDEFGHIJKLMNOPQRSTUBWXYZ LOG_TEST message 10000 ABCDEFGHIJKLMNOPQRSTUBWXYZ LOG_TEST message 10000 ABCDEFGHIJKLMNOPQRSTUBWXYZ LOG_TEST message 10000 ABCDEFGHIJKLMNOPQRSTUBWXYZ LOG_TEST message 10000 ABCDEFGHIJKLMNOPQRSTUBWXYZ LOG_TEST message 10000 ABCDEFGHIJKLMNOPQRSTUBWXYZ LOG_TEST message 10000 ABCDEFGHIJKLMNOPQRSTUBWXYZ LOG_TEST message 10000 ABCDEFGHIJKLMNOPQRSTUBWXYZ LOG_TEST message 10000 ABCDEFGHIJKLMNOPQRSTUBWXYZ LOG_TEST message 10000 ABCDEFGHIJKLMNOPQRSTUBWXYZ LOG_TEST message 10000 ABCDEFGHIJKLMNOPQRSTUBWXYZ LOG_TEST message 10000 ABCDEFGHIJKLMNOPQRSTUBWXYZ LOG_TEST message 10000 ABCDEFGHIJKLMNOPQRSTUBWXYZ LOG_TEST message 10000 ABCDEFGHIJKLMNOPQRSTUBWXYZ LOG_TEST message 10000 ABCDEFGHIJKLMNOPQRSTUBWXYZ LOG_TEST message 10000 ABCDEFGHIJKLMNOPQRSTUBWXYZ LOG_TEST message 10000 ABCDEFGHIJKLMNOPQRSTUBWXYZ LOG_TEST message 10000 ABCDEFGHIJKLMNOPQRSTUBWXYZ LOG_TEST message 10000 ABCDEFGHIJKLMNOPQRSTUBWXYZ LOG_TEST message 10000 ABCDEFGHIJKLMNOPQRSTUBWXYZ LOG_TEST message 10000 ABCDEFGHIJKLMNOPQRSTUBWXYZ LOG_TEST message 10000 ABCDEFGHIJKLMNOPQRSTUBWXYZ LOG_TEST message 10000 ABCDEFGHIJKLMNOPQRSTUBWXYZ LOG_TEST message 10000 ABCDEFGHIJKLMNOPQRSTUBWXYZ LOG_TEST message 10000 ABCDEFGHIJKLMNOPQRSTUBWXYZ LOG_TEST message 10000 ABCDEFGHIJKLMNOPQRSTUBWXYZ LOG_TEST message 10000 ABCDEFGHIJKLMNOPQRSTUBWXYZ LOG_TEST message 10000 ABCDEFGHIJKLMNOPQRSTUBWXYZ LOG_TEST message 10000 ABCDEFGHIJKLMNOPQRSTUBWXYZ LOG_TEST message 10000 ABCDEFGHIJKLMNOPQRSTUBWXYZ LOG_TEST message 10000 ABCDEFGHIJKLMNOPQRSTUBWXYZ LOG_TEST message 10000 ABCDEFGHIJKLMNOPQRSTUBWXYZ LOG_TEST message 10000 ABCDEFGHIJKLMNOPQRSTUBWXYZ LOG_TEST message 10000 ABCDEFGHIJKLMNOPQRSTUBWXYZ LOG_TEST message 10000 ABCDEFGHIJKLMNOPQRSTUBWXYZ LOG_TEST message 10000 ABCDEFGHIJKLMNOPQRSTUBWXYZ LOG_TEST message 10000 ABCDEFGHIJKLMNOPQRSTUBWXYZ LOG_TEST message 10000 ABCDEFGHIJKLMNOPQRSTUBWXYZ LOG_TEST message 10000 ABCDEFGHIJKLMNOPQRSTUBWXYZ LOG_TEST message 10000 ABCDEFGHIJKLMNOPQRSTUBWXYZ LOG_TEST message 10000 ABCDEFGHIJKLMNOPQRSTUBWXYZ LOG_TEST message 10000 ABCDEFGHIJKLMNOPQRSTUBWXYZ LOG_TEST message 10000 ABCDEFGHIJKLMNOPQRSTUBWXYZ LOG_TEST message 10000 ABCDEFGHIJKLMNOPQRSTUBWXYZ LOG_TEST message 10000 ABCDEFGHIJKLMNOPQRSTUBWXYZ LOG_TEST message 10000 ABCDEFGHIJKLMNOPQRSTUBWXYZ LOG_TEST message 10000 ABCDEFGHIJKLMNOPQRSTUBWXYZ LOG_TEST message 10000 ABCDEFGHIJKLMNOPQRSTUBWXYZ LOG_TEST message 10000 ABCDEFGHIJKLMNOPQRSTUBWXYZ LOG_TEST message 10000 ABCDEFGHIJKLMNOPQRSTUBWXYZ LOG_TEST message 10000 ABCDEFGHIJKLMNOPQRSTUBWXYZ LOG_TEST message 10000 ABCDEFGHIJKLMNOPQRSTUBWXYZ LOG_TEST message 10000 ABCDEFGHIJKLMNOPQRSTUBWXYZ LOG_TEST message 10000 ABCDEFGHIJKLMNOPQRSTUBWXYZ LOG_TEST message 10000 ABCDEFGHIJKLMNOPQRSTUBWXYZ LOG_TEST message 10000 ABCDEFGHIJKLMNOPQRSTUBWXYZ LOG_TEST message 10000 ABCDEFGHIJKLMNOPQRSTUBWXYZ LOG_TEST message 10000 ABCDEFGHIJKLMNOPQRSTUBWXYZ LOG_TEST message 10000 ABCDEFGHIJKLMNOPQRSTUBWXYZ LOG_TEST message 10000 ABCDEFGHIJKLMNOPQRSTUBWXYZ LOG_TEST message 10000 ABCDEFGHIJKLMNOPQRSTUBWXYZ LOG_TEST message 10000 ABCDEFGHIJKLMNOPQRSTUBWXYZ LOG_TEST message 10000 ABCDEFGHIJKLMNOPQRSTUBWXYZ LOG_TEST message 10000 ABCDEFGHIJKLMNOPQRSTUBWXYZ LOG_TEST message 10000 ABCDEFGHIJKLMNOPQRSTUBWXYZ LOG_TEST message 10000 ABCDEFGHIJKLMNOPQRSTUBWXYZ LOG_TEST message 10000 ABCDEFGHIJKLMNOPQRSTUBWXYZ LOG_TEST message 10000 ABCDEFGHIJKLMNOPQRSTUBWXYZ LOG_TEST message 10000 ABCDEFGHIJKLMNOPQRSTUBWXYZ LOG_TEST message 10000 ABCDEFGHIJKLMNOPQRSTUBWXYZ LOG_TEST message 10000 ABCDEFGHIJKLMNOPQRSTUBWXYZ LOG_TEST message 10000 ABCDEFGHIJKLMNOPQRSTUBWXYZ LOG_TEST message 10000 ABCDEFGHIJKLMNOPQRSTUBWXYZ LOG_TEST message 10000 ABCDEFGHIJKLMNOPQRSTUBWXYZ LOG_TEST message 10000 ABCDEFGHIJKLMNOPQRSTUBWXYZ LOG_TEST message 10000 ABCDEFGHIJKLMNOPQRSTUBWXYZ LOG_TEST message 10000 ABCDEFGHIJKLMNOPQRSTUBWXYZ LOG_TEST message 10000 ABCDEFGHIJKLMNOPQRSTUBWXYZ LOG_TEST message 10000 ABCDEFGHIJKLMNOPQRSTUBWXYZ LOG_TEST message 10000 ABCDEFGHIJKLMNOPQRSTUBWXYZ LOG_TEST message 10000 ABCDEFGHIJKLMNOPQRSTUBWXYZ LOG_TEST message 10000 ABCDEFGHIJKLMNOPQRSTUBWXYZ LOG_TEST message 10000 ABCDEFGHIJKLMNOPQRSTUBWXYZ LOG_TEST message 10000 ABCDEFGHIJKLMNOPQRSTUBWXYZ LOG_TEST message 10000 ABCDEFGHIJKLMNOPQRSTUBWXYZ 
2022-04-11 17:56,149.169.189.150,http://www.dickerson.biz/app/homepage.jsp,/explore,200,4994,Mozilla/5.0 (compatible; MSIE 5.0; Windows NT 5.0; Trident/3.0),NULL
2022-04-11 17:56,61.59.5.139,https://walker.com/search/tags/tag/about/,/posts/posts/explore,200,4983,Mozilla/5.0 (X11; Linux x86_64; rv:1.9.7.20) Gecko/2019-05-27 13:07:21 Firefox/3.8,NULL
2022-04-11 17:56,49.236.84.119,http://www.wright.com/search.html,/wp-content,200,5017,"Mozilla/5.0 (Windows; U; Windows 95) AppleWebKit/534.33.4 (KHTML, like Gecko) Version/4.0.5 Safari/534.33.4",NULL
2022-04-11 17:56,176.223.26.59,http://www.young.com/register/,/wp-content,200,5032,"Mozilla/5.0 (Windows NT 6.0) AppleWebKit/533.0 (KHTML, like Gecko) Chrome/13.0.862.0 Safari/533.0",NULL
2022-04-11 17:56,169.59.162.166,http://carroll.com/,/posts/posts/explore,200,4892,Mozilla/5.0 (Android 10; Mobile; rv:42.0) Gecko/42.0 Firefox/42.0,LOG_TEST message 10000 ABCDEFGHIJKLMNOPQRSTUBWXYZ LOG_TEST message 10000 ABCDEFGHIJKLMNOPQRSTUBWXYZ LOG_TEST message 10000 ABCDEFGHIJKLMNOPQRSTUBWXYZ LOG_TEST message 10000 ABCDEFGHIJKLMNOPQRSTUBWXYZ LOG_TEST message 10000 ABCDEFGHIJKLMNOPQRSTUBWXYZ LOG_TEST message 10000 ABCDEFGHIJKLMNOPQRSTUBWXYZ LOG_TEST message 10000 ABCDEFGHIJKLMNOPQRSTUBWXYZ LOG_TEST message 10000 ABCDEFGHIJKLMNOPQRSTUBWXYZ LOG_TEST message 10000 ABCDEFGHIJKLMNOPQRSTUBWXYZ LOG_TEST message 10000 ABCDEFGHIJKLMNOPQRSTUBWXYZ LOG_TEST message 10000 ABCDEFGHIJKLMNOPQRSTUBWXYZ LOG_TEST message 10000 ABCDEFGHIJKLMNOPQRSTUBWXYZ LOG_TEST message 10000 ABCDEFGHIJKLMNOPQRSTUBWXYZ LOG_TEST message 10000 ABCDEFGHIJKLMNOPQRSTUBWXYZ LOG_TEST message 10000 ABCDEFGHIJKLMNOPQRSTUBWXYZ LOG_TEST message 10000 ABCDEFGHIJKLMNOPQRSTUBWXYZ LOG_TEST message 10000 ABCDEFGHIJKLMNOPQRSTUBWXYZ LOG_TEST message 10000 ABCDEFGHIJKLMNOPQRSTUBWXYZ LOG_TEST message 10000 ABCDEFGHIJKLMNOPQRSTUBWXYZ LOG_TEST message 10000 ABCDEFGHIJKLMNOPQRSTUBWXYZ LOG_TEST message 10000 ABCDEFGHIJKLMNOPQRSTUBWXYZ LOG_TEST message 10000 ABCDEFGHIJKLMNOPQRSTUBWXYZ LOG_TEST message 10000 ABCDEFGHIJKLMNOPQRSTUBWXYZ LOG_TEST message 10000 ABCDEFGHIJKLMNOPQRSTUBWXYZ LOG_TEST message 10000 ABCDEFGHIJKLMNOPQRSTUBWXYZ LOG_TEST message 10000 ABCDEFGHIJKLMNOPQRSTUBWXYZ LOG_TEST message 10000 ABCDEFGHIJKLMNOPQRSTUBWXYZ LOG_TEST message 10000 ABCDEFGHIJKLMNOPQRSTUBWXYZ LOG_TEST message 10000 ABCDEFGHIJKLMNOPQRSTUBWXYZ LOG_TEST message 10000 ABCDEFGHIJKLMNOPQRSTUBWXYZ LOG_TEST message 10000 ABCDEFGHIJKLMNOPQRSTUBWXYZ LOG_TEST message 10000 ABCDEFGHIJKLMNOPQRSTUBWXYZ LOG_TEST message 10000 ABCDEFGHIJKLMNOPQRSTUBWXYZ LOG_TEST message 10000 ABCDEFGHIJKLMNOPQRSTUBWXYZ LOG_TEST message 10000 ABCDEFGHIJKLMNOPQRSTUBWXYZ LOG_TEST message 10000 ABCDEFGHIJKLMNOPQRSTUBWXYZ LOG_TEST message 10000 ABCDEFGHIJKLMNOPQRSTUBWXYZ LOG_TEST message 10000 ABCDEFGHIJKLMNOPQRSTUBWXYZ LOG_TEST message 10000 ABCDEFGHIJKLMNOPQRSTUBWXYZ LOG_TEST message 10000 ABCDEFGHIJKLMNOPQRSTUBWXYZ LOG_TEST message 10000 ABCDEFGHIJKLMNOPQRSTUBWXYZ LOG_TEST message 10000 ABCDEFGHIJKLMNOPQRSTUBWXYZ LOG_TEST message 10000 ABCDEFGHIJKLMNOPQRSTUBWXYZ LOG_TEST message 10000 ABCDEFGHIJKLMNOPQRSTUBWXYZ LOG_TEST message 10000 ABCDEFGHIJKLMNOPQRSTUBWXYZ LOG_TEST message 10000 ABCDEFGHIJKLMNOPQRSTUBWXYZ LOG_TEST message 10000 ABCDEFGHIJKLMNOPQRSTUBWXYZ LOG_TEST message 10000 ABCDEFGHIJKLMNOPQRSTUBWXYZ LOG_TEST message 10000 ABCDEFGHIJKLMNOPQRSTUBWXYZ LOG_TEST message 10000 ABCDEFGHIJKLMNOPQRSTUBWXYZ LOG_TEST message 10000 ABCDEFGHIJKLMNOPQRSTUBWXYZ LOG_TEST message 10000 ABCDEFGHIJKLMNOPQRSTUBWXYZ LOG_TEST message 10000 ABCDEFGHIJKLMNOPQRSTUBWXYZ LOG_TEST message 10000 ABCDEFGHIJKLMNOPQRSTUBWXYZ LOG_TEST message 10000 ABCDEFGHIJKLMNOPQRSTUBWXYZ LOG_TEST message 10000 ABCDEFGHIJKLMNOPQRSTUBWXYZ LOG_TEST message 10000 ABCDEFGHIJKLMNOPQRSTUBWXYZ LOG_TEST message 10000 ABCDEFGHIJKLMNOPQRSTUBWXYZ LOG_TEST message 10000 ABCDEFGHIJKLMNOPQRSTUBWXYZ LOG_TEST message 10000 ABCDEFGHIJKLMNOPQRSTUBWXYZ LOG_TEST message 10000 ABCDEFGHIJKLMNOPQRSTUBWXYZ LOG_TEST message 10000 ABCDEFGHIJKLMNOPQRSTUBWXYZ LOG_TEST message 10000 ABCDEFGHIJKLMNOPQRSTUBWXYZ LOG_TEST message 10000 ABCDEFGHIJKLMNOPQRSTUBWXYZ LOG_TEST message 10000 ABCDEFGHIJKLMNOPQRSTUBWXYZ LOG_TEST message 10000 ABCDEFGHIJKLMNOPQRSTUBWXYZ LOG_TEST message 10000 ABCDEFGHIJKLMNOPQRSTUBWXYZ LOG_TEST message 10000 ABCDEFGHIJKLMNOPQRSTUBWXYZ LOG_TEST message 10000 ABCDEFGHIJKLMNOPQRSTUBWXYZ LOG_TEST message 10000 ABCDEFGHIJKLMNOPQRSTUBWXYZ LOG_TEST message 10000 ABCDEFGHIJKLMNOPQRSTUBWXYZ LOG_TEST message 10000 ABCDEFGHIJKLMNOPQRSTUBWXYZ LOG_TEST message 10000 ABCDEFGHIJKLMNOPQRSTUBWXYZ LOG_TEST message 10000 ABCDEFGHIJKLMNOPQRSTUBWXYZ LOG_TEST message 10000 ABCDEFGHIJKLMNOPQRSTUBWXYZ LOG_TEST message 10000 ABCDEFGHIJKLMNOPQRSTUBWXYZ LOG_TEST message 10000 ABCDEFGHIJKLMNOPQRSTUBWXYZ LOG_TEST message 10000 ABCDEFGHIJKLMNOPQRSTUBWXYZ LOG_TEST message 10000 ABCDEFGHIJKLMNOPQRSTUBWXYZ LOG_TEST message 10000 ABCDEFGHIJKLMNOPQRSTUBWXYZ LOG_TEST message 10000 ABCDEFGHIJKLMNOPQRSTUBWXYZ LOG_TEST message 10000 ABCDEFGHIJKLMNOPQRSTUBWXYZ LOG_TEST message 10000 ABCDEFGHIJKLMNOPQRSTUBWXYZ LOG_TEST message 10000 ABCDEFGHIJKLMNOPQRSTUBWXYZ LOG_TEST message 10000 ABCDEFGHIJKLMNOPQRSTUBWXYZ LOG_TEST message 10000 ABCDEFGHIJKLMNOPQRSTUBWXYZ LOG_TEST message 10000 ABCDEFGHIJKLMNOPQRSTUBWXYZ LOG_TEST message 10000 ABCDEFGHIJKLMNOPQRSTUBWXYZ LOG_TEST message 10000 ABCDEFGHIJKLMNOPQRSTUBWXYZ LOG_TEST message 10000 ABCDEFGHIJKLMNOPQRSTUBWXYZ LOG_TEST message 10000 ABCDEFGHIJKLMNOPQRSTUBWXYZ LOG_TEST message 10000 ABCDEFGHIJKLMNOPQRSTUBWXYZ LOG_TEST message 10000 ABCDEFGHIJKLMNOPQRSTUBWXYZ LOG_TEST message 10000 ABCDEFGHIJKLMNOPQRSTUBWXYZ LOG_TEST message 10000 ABCDEFGHIJKLMNOPQRSTUBWXYZ LOG_TEST message 10000 ABCDEFGHIJKLMNOPQRSTUBWXYZ LOG_TEST message 10000 ABCDEFGHIJKLMNOPQRSTUBWXYZ LOG_TEST message 10000 ABCDEFGHIJKLMNOPQRSTUBWXYZ LOG_TEST message 10000 ABCDEFGHIJKLMNOPQRSTUBWXYZ LOG_TEST message 10000 ABCDEFGHIJKLMNOPQRSTUBWXYZ LOG_TEST message 10000 ABCDEFGHIJKLMNOPQRSTUBWXYZ LOG_TEST message 10000 ABCDEFGHIJKLMNOPQRSTUBWXYZ LOG_TEST message 10000 ABCDEFGHIJKLMNOPQRSTUBWXYZ LOG_TEST message 10000 ABCDEFGHIJKLMNOPQRSTUBWXYZ LOG_TEST message 10000 ABCDEFGHIJKLMNOPQRSTUBWXYZ LOG_TEST message 10000 ABCDEFGHIJKLMNOPQRSTUBWXYZ LOG_TEST message 10000 ABCDEFGHIJKLMNOPQRSTUBWXYZ LOG_TEST message 10000 ABCDEFGHIJKLMNOPQRSTUBWXYZ LOG_TEST message 10000 ABCDEFGHIJKLMNOPQRSTUBWXYZ LOG_TEST message 10000 ABCDEFGHIJKLMNOPQRSTUBWXYZ LOG_TEST message 10000 ABCDEFGHIJKLMNOPQRSTUBWXYZ LOG_TEST message 10000 ABCDEFGHIJKLMNOPQRSTUBWXYZ LOG_TEST message 10000 ABCDEFGHIJKLMNOPQRSTUBWXYZ LOG_TEST message 10000 ABCDEFGHIJKLMNOPQRSTUBWXYZ LOG_TEST message 10000 ABCDEFGHIJKLMNOPQRSTUBWXYZ LOG_TEST message 10000 ABCDEFGHIJKLMNOPQRSTUBWXYZ LOG_TEST message 10000 ABCDEFGHIJKLMNOPQRSTUBWXYZ LOG_TEST message 10000 ABCDEFGHIJKLMNOPQRSTUBWXYZ LOG_TEST message 10000 ABCDEFGHIJKLMNOPQRSTUBWXYZ LOG_TEST message 10000 ABCDEFGHIJKLMNOPQRSTUBWXYZ LOG_TEST message 10000 ABCDEFGHIJKLMNOPQRSTUBWXYZ LOG_TEST message 10000 ABCDEFGHIJKLMNOPQRSTUBWXYZ LOG_TEST message 10000 ABCDEFGHIJKLMNOPQRSTUBWXYZ LOG_TEST message 10000 ABCDEFGHIJKLMNOPQRSTUBWXYZ LOG_TEST message 10000 ABCDEFGHIJKLMNOPQRSTUBWXYZ LOG_TEST message 10000 ABCDEFGHIJKLMNOPQRSTUBWXYZ LOG_TEST message 10000 ABCDEFGHIJKLMNOPQRSTUBWXYZ LOG_TEST message 10000 ABCDEFGHIJKLMNOPQRSTUBWXYZ LOG_TEST message 10000 ABCDEFGHIJKLMNOPQRSTUBWXYZ LOG_TEST message 10000 ABCDEFGHIJKLMNOPQRSTUBWXYZ LOG_TEST message 10000 ABCDEFGHIJKLMNOPQRSTUBWXYZ LOG_TEST message 10000 ABCDEFGHIJKLMNOPQRSTUBWXYZ LOG_TEST message 10000 ABCDEFGHIJKLMNOPQRSTUBWXYZ LOG_TEST message 10000 ABCDEFGHIJKLMNOPQRSTUBWXYZ LOG_TEST message 10000 ABCDEFGHIJKLMNOPQRSTUBWXYZ LOG_TEST message 10000 ABCDEFGHIJKLMNOPQRSTUBWXYZ LOG_TEST message 10000 ABCDEFGHIJKLMNOPQRSTUBWXYZ LOG_TEST message 10000 ABCDEFGHIJKLMNOPQRSTUBWXYZ LOG_TEST message 10000 ABCDEFGHIJKLMNOPQRSTUBWXYZ LOG_TEST message 10000 ABCDEFGHIJKLMNOPQRSTUBWXYZ LOG_TEST message 10000 ABCDEFGHIJKLMNOPQRSTUBWXYZ LOG_TEST message 10000 ABCDEFGHIJKLMNOPQRSTUBWXYZ LOG_TEST message 10000 ABCDEFGHIJKLMNOPQRSTUBWXYZ LOG_TEST message 10000 ABCDEFGHIJKLMNOPQRSTUBWXYZ LOG_TEST message 10000 ABCDEFGHIJKLMNOPQRSTUBWXYZ LOG_TEST message 10000 ABCDEFGHIJKLMNOPQRSTUBWXYZ LOG_TEST message 10000 ABCDEFGHIJKLMNOPQRSTUBWXYZ LOG_TEST message 10000 ABCDEFGHIJKLMNOPQRSTUBWXYZ LOG_TEST message 10000 ABCDEFGHIJKLMNOPQRSTUBWXYZ LOG_TEST message 10000 ABCDEFGHIJKLMNOPQRSTUBWXYZ LOG_TEST message 10000 ABCDEFGHIJKLMNOPQRSTUBWXYZ LOG_TEST message 10000 ABCDEFGHIJKLMNOPQRSTUBWXYZ LOG_TEST message 10000 ABCDEFGHIJKLMNOPQRSTUBWXYZ LOG_TEST message 10000 ABCDEFGHIJKLMNOPQRSTUBWXYZ LOG_TEST message 10000 ABCDEFGHIJKLMNOPQRSTUBWXYZ LOG_TEST message 10000 ABCDEFGHIJKLMNOPQRSTUBWXYZ LOG_TEST message 10000 ABCDEFGHIJKLMNOPQRSTUBWXYZ LOG_TEST message 10000 ABCDEFGHIJKLMNOPQRSTUBWXYZ LOG_TEST message 10000 ABCDEFGHIJKLMNOPQRSTUBWXYZ LOG_TEST message 10000 ABCDEFGHIJKLMNOPQRSTUBWXYZ LOG_TEST message 10000 ABCDEFGHIJKLMNOPQRSTUBWXYZ LOG_TEST message 10000 ABCDEFGHIJKLMNOPQRSTUBWXYZ LOG_TEST message 10000 ABCDEFGHIJKLMNOPQRSTUBWXYZ LOG_TEST message 10000 ABCDEFGHIJKLMNOPQRSTUBWXYZ LOG_TEST message 10000 ABCDEFGHIJKLMNOPQRSTUBWXYZ LOG_TEST message 10000 ABCDEFGHIJKLMNOPQRSTUBWXYZ LOG_TEST message 10000 ABCDEFGHIJKLMNOPQRSTUBWXYZ LOG_TEST message 10000 ABCDEFGHIJKLMNOPQRSTUBWXYZ LOG_TEST message 10000 ABCDEFGHIJKLMNOPQRSTUBWXYZ LOG_TEST message 10000 ABCDEFGHIJKLMNOPQRSTUBWXYZ LOG_TEST message 10000 ABCDEFGHIJKLMNOPQRSTUBWXYZ LOG_TEST message 10000 ABCDEFGHIJKLMNOPQRSTUBWXYZ LOG_TEST message 10000 ABCDEFGHIJKLMNOPQRSTUBWXYZ LOG_TEST message 10000 ABCDEFGHIJKLMNOPQRSTUBWXYZ LOG_TEST message 10000 ABCDEFGHIJKLMNOPQRSTUBWXYZ LOG_TEST message 10000 ABCDEFGHIJKLMNOPQRSTUBWXYZ LOG_TEST message 10000 ABCDEFGHIJKLMNOPQRSTUBWXYZ LOG_TEST message 10000 ABCDEFGHIJKLMNOPQRSTUBWXYZ LOG_TEST message 10000 ABCDEFGHIJKLMNOPQRSTUBWXYZ LOG_TEST message 10000 ABCDEFGHIJKLMNOPQRSTUBWXYZ LOG_TEST message 10000 ABCDEFGHIJKLMNOPQRSTUBWXYZ LOG_TEST message 10000 ABCDEFGHIJKLMNOPQRSTUBWXYZ LOG_TEST message 10000 ABCDEFGHIJKLMNOPQRSTUBWXYZ LOG_TEST message 10000 ABCDEFGHIJKLMNOPQRSTUBWXYZ LOG_TEST message 10000 ABCDEFGHIJKLMNOPQRSTUBWXYZ LOG_TEST message 10000 ABCDEFGHIJKLMNOPQRSTUBWXYZ LOG_TEST message 10000 ABCDEFGHIJKLMNOPQRSTUBWXYZ LOG_TEST message 10000 ABCDEFGHIJKLMNOPQRSTUBWXYZ LOG_TEST message 10000 ABCDEFGHIJKLMNOPQRSTUBWXYZ LOG_TEST message 10000 ABCDEFGHIJKLMNOPQRSTUBWXYZ LOG_TEST message 10000 ABCDEFGHIJKLMNOPQRSTUBWXYZ LOG_TEST message 10000 ABCDEFGHIJKLMNOPQRSTUBWXYZ LOG_TEST message 10000 ABCDEFGHIJKLMNOPQRSTUBWXYZ LOG_TEST message 10000 ABCDEFGHIJKLMNOPQRSTUBWXYZ LOG_TEST message 10000 ABCDEFGHIJKLMNOPQRSTUBWXYZ LOG_TEST message 10000 ABCDEFGHIJKLMNOPQRSTUBWXYZ LOG_TEST message 10000 ABCDEFGHIJKLMNOPQRSTUBWXYZ LOG_TEST message 10000 ABCDEFGHIJKLMNOPQRSTUBWXYZ LOG_TEST message 10000 ABCDEFGHIJKLMNOPQRSTUBWXYZ LOG_TEST message 10000 ABCDEFGHIJKLMNOPQRSTUBWXYZ 
2022-04-11 17:56,91.220.154.140,http://greene-martin.com/main/category/category/category/,/list,404,5096,Mozilla/5.0 (Windows NT 5.2; doi-IN; rv:1.9.2.20) Gecko/2017-11-11 15:32:30 Firefox/15.0,NULL
2022-04-11 17:56,43.244.129.93,https://campbell.org/explore/category/faq.htm,/posts/posts/explore,404,5002,Mozilla/5.0 (X11; Linux i686; rv:1.9.7.20) Gecko/2019-04-09 20:22:34 Firefox/5.0,NULL
2022-04-11 17:56,1.135.55.133,https://martin.com/home.php,/list,200,4948,Mozilla/5.0 (Windows NT 5.0; tt-RU; rv:1.9.0.20) Gecko/2019-10-26 01:32:22 Firefox/3.6.18,NULL
2022-04-11 17:56,85.235.210.199,http://bailey-warren.com/privacy/,/apps/cart.jsp?appID=6099,200,5021,Mozilla/5.0 (Macintosh; U; Intel Mac OS X 10_7_2; rv:1.9.6.20) Gecko/2012-03-23 19:45:13 Firefox/3.8,NULL
2022-04-11 17:56,179.137.119.136,https://www.crawford.com/app/tag/app/terms.html,/wp-admin,200,4984,Mozilla/5.0 (X11; Linux i686; rv:1.9.7.20) Gecko/2012-07-31 17:22:20 Firefox/3.8,NULL
2022-04-11 17:56,169.116.207.217,https://www.anderson.net/home/,/posts/posts/explore,200,5107,Mozilla/5.0 (Macintosh; Intel Mac OS X 10_11_9; rv:1.9.5.20) Gecko/2020-06-17 03:09:22 Firefox/3.6.13,NULL
2022-04-11 17:56,36.56.185.197,http://davis.com/privacy/,/wp-admin,200,4954,"Mozilla/5.0 (Windows NT 5.2) AppleWebKit/531.0 (KHTML, like Gecko) Chrome/41.0.862.0 Safari/531.0",NULL
2022-04-11 17:56,140.115.50.154,http://sullivan.biz/tags/wp-content/list/index.htm,/app/main/posts,200,4916,"Mozilla/5.0 (Windows NT 5.01) AppleWebKit/531.1 (KHTML, like Gecko) Chrome/17.0.817.0 Safari/531.1",NULL
2022-04-11 17:56,223.190.233.36,https://johnston.com/tag/homepage/,/search/tag/list,200,4914,"Mozilla/5.0 (iPod; U; CPU iPhone OS 4_2 like Mac OS X; ig-NG) AppleWebKit/535.7.3 (KHTML, like Gecko) Version/3.0.5 Mobile/8B112 Safari/6535.7.3",NULL
2022-04-11 17:56,188.170.29.172,https://gardner-alvarado.com/,/search/tag/list,200,5019,"Mozilla/5.0 (X11; Linux x86_64) AppleWebKit/533.1 (KHTML, like Gecko) Chrome/54.0.874.0 Safari/533.1",NULL
2022-04-11 17:56,22.13.75.233,http://www.phillips.com/index/,/search/tag/list,200,4912,"Mozilla/5.0 (Linux; Android 1.6) AppleWebKit/536.1 (KHTML, like Gecko) Chrome/27.0.826.0 Safari/536.1",NULL
2022-04-11 17:56,201.171.76.160,http://jones.com/posts/search/blog/faq.html,/apps/cart.jsp?appID=7827,200,4965,Mozilla/5.0 (Android 3.0; Mobile; rv:60.0) Gecko/60.0 Firefox/60.0,NULL
2022-04-11 17:56,47.69.212.42,http://www.scott-mcmillan.net/explore/list/home/,/wp-content,200,4977,"Mozilla/5.0 (Macintosh; U; Intel Mac OS X 10_10_0) AppleWebKit/531.1 (KHTML, like Gecko) Chrome/13.0.892.0 Safari/531.1",NULL
2022-04-11 17:56,184.244.118.49,https://marsh.net/index/,/wp-content,200,5041,"Mozilla/5.0 (Macintosh; PPC Mac OS X 10_5_0 rv:4.0; fur-IT) AppleWebKit/534.12.5 (KHTML, like Gecko) Version/4.0 Safari/534.12.5",NULL
2022-04-11 17:56,187.145.68.247,https://www.mejia.info/main/list/search/,/wp-admin,301,5014,Mozilla/5.0 (Windows 98; Win 9x 4.90; mg-MG; rv:1.9.0.20) Gecko/2018-05-14 15:35:55 Firefox/3.6.14,LOG_TEST message 10000 ABCDEFGHIJKLMNOPQRSTUBWXYZ LOG_TEST message 10000 ABCDEFGHIJKLMNOPQRSTUBWXYZ LOG_TEST message 10000 ABCDEFGHIJKLMNOPQRSTUBWXYZ LOG_TEST message 10000 ABCDEFGHIJKLMNOPQRSTUBWXYZ LOG_TEST message 10000 ABCDEFGHIJKLMNOPQRSTUBWXYZ LOG_TEST message 10000 ABCDEFGHIJKLMNOPQRSTUBWXYZ LOG_TEST message 10000 ABCDEFGHIJKLMNOPQRSTUBWXYZ LOG_TEST message 10000 ABCDEFGHIJKLMNOPQRSTUBWXYZ LOG_TEST message 10000 ABCDEFGHIJKLMNOPQRSTUBWXYZ LOG_TEST message 10000 ABCDEFGHIJKLMNOPQRSTUBWXYZ LOG_TEST message 10000 ABCDEFGHIJKLMNOPQRSTUBWXYZ LOG_TEST message 10000 ABCDEFGHIJKLMNOPQRSTUBWXYZ LOG_TEST message 10000 ABCDEFGHIJKLMNOPQRSTUBWXYZ LOG_TEST message 10000 ABCDEFGHIJKLMNOPQRSTUBWXYZ LOG_TEST message 10000 ABCDEFGHIJKLMNOPQRSTUBWXYZ LOG_TEST message 10000 ABCDEFGHIJKLMNOPQRSTUBWXYZ LOG_TEST message 10000 ABCDEFGHIJKLMNOPQRSTUBWXYZ LOG_TEST message 10000 ABCDEFGHIJKLMNOPQRSTUBWXYZ LOG_TEST message 10000 ABCDEFGHIJKLMNOPQRSTUBWXYZ LOG_TEST message 10000 ABCDEFGHIJKLMNOPQRSTUBWXYZ LOG_TEST message 10000 ABCDEFGHIJKLMNOPQRSTUBWXYZ LOG_TEST message 10000 ABCDEFGHIJKLMNOPQRSTUBWXYZ LOG_TEST message 10000 ABCDEFGHIJKLMNOPQRSTUBWXYZ LOG_TEST message 10000 ABCDEFGHIJKLMNOPQRSTUBWXYZ LOG_TEST message 10000 ABCDEFGHIJKLMNOPQRSTUBWXYZ LOG_TEST message 10000 ABCDEFGHIJKLMNOPQRSTUBWXYZ LOG_TEST message 10000 ABCDEFGHIJKLMNOPQRSTUBWXYZ LOG_TEST message 10000 ABCDEFGHIJKLMNOPQRSTUBWXYZ LOG_TEST message 10000 ABCDEFGHIJKLMNOPQRSTUBWXYZ LOG_TEST message 10000 ABCDEFGHIJKLMNOPQRSTUBWXYZ LOG_TEST message 10000 ABCDEFGHIJKLMNOPQRSTUBWXYZ LOG_TEST message 10000 ABCDEFGHIJKLMNOPQRSTUBWXYZ LOG_TEST message 10000 ABCDEFGHIJKLMNOPQRSTUBWXYZ LOG_TEST message 10000 ABCDEFGHIJKLMNOPQRSTUBWXYZ LOG_TEST message 10000 ABCDEFGHIJKLMNOPQRSTUBWXYZ LOG_TEST message 10000 ABCDEFGHIJKLMNOPQRSTUBWXYZ LOG_TEST message 10000 ABCDEFGHIJKLMNOPQRSTUBWXYZ LOG_TEST message 10000 ABCDEFGHIJKLMNOPQRSTUBWXYZ LOG_TEST message 10000 ABCDEFGHIJKLMNOPQRSTUBWXYZ LOG_TEST message 10000 ABCDEFGHIJKLMNOPQRSTUBWXYZ LOG_TEST message 10000 ABCDEFGHIJKLMNOPQRSTUBWXYZ LOG_TEST message 10000 ABCDEFGHIJKLMNOPQRSTUBWXYZ LOG_TEST message 10000 ABCDEFGHIJKLMNOPQRSTUBWXYZ LOG_TEST message 10000 ABCDEFGHIJKLMNOPQRSTUBWXYZ LOG_TEST message 10000 ABCDEFGHIJKLMNOPQRSTUBWXYZ LOG_TEST message 10000 ABCDEFGHIJKLMNOPQRSTUBWXYZ LOG_TEST message 10000 ABCDEFGHIJKLMNOPQRSTUBWXYZ LOG_TEST message 10000 ABCDEFGHIJKLMNOPQRSTUBWXYZ LOG_TEST message 10000 ABCDEFGHIJKLMNOPQRSTUBWXYZ LOG_TEST message 10000 ABCDEFGHIJKLMNOPQRSTUBWXYZ LOG_TEST message 10000 ABCDEFGHIJKLMNOPQRSTUBWXYZ LOG_TEST message 10000 ABCDEFGHIJKLMNOPQRSTUBWXYZ LOG_TEST message 10000 ABCDEFGHIJKLMNOPQRSTUBWXYZ LOG_TEST message 10000 ABCDEFGHIJKLMNOPQRSTUBWXYZ LOG_TEST message 10000 ABCDEFGHIJKLMNOPQRSTUBWXYZ LOG_TEST message 10000 ABCDEFGHIJKLMNOPQRSTUBWXYZ LOG_TEST message 10000 ABCDEFGHIJKLMNOPQRSTUBWXYZ LOG_TEST message 10000 ABCDEFGHIJKLMNOPQRSTUBWXYZ LOG_TEST message 10000 ABCDEFGHIJKLMNOPQRSTUBWXYZ LOG_TEST message 10000 ABCDEFGHIJKLMNOPQRSTUBWXYZ LOG_TEST message 10000 ABCDEFGHIJKLMNOPQRSTUBWXYZ LOG_TEST message 10000 ABCDEFGHIJKLMNOPQRSTUBWXYZ LOG_TEST message 10000 ABCDEFGHIJKLMNOPQRSTUBWXYZ LOG_TEST message 10000 ABCDEFGHIJKLMNOPQRSTUBWXYZ LOG_TEST message 10000 ABCDEFGHIJKLMNOPQRSTUBWXYZ LOG_TEST message 10000 ABCDEFGHIJKLMNOPQRSTUBWXYZ LOG_TEST message 10000 ABCDEFGHIJKLMNOPQRSTUBWXYZ LOG_TEST message 10000 ABCDEFGHIJKLMNOPQRSTUBWXYZ LOG_TEST message 10000 ABCDEFGHIJKLMNOPQRSTUBWXYZ LOG_TEST message 10000 ABCDEFGHIJKLMNOPQRSTUBWXYZ LOG_TEST message 10000 ABCDEFGHIJKLMNOPQRSTUBWXYZ LOG_TEST message 10000 ABCDEFGHIJKLMNOPQRSTUBWXYZ LOG_TEST message 10000 ABCDEFGHIJKLMNOPQRSTUBWXYZ LOG_TEST message 10000 ABCDEFGHIJKLMNOPQRSTUBWXYZ LOG_TEST message 10000 ABCDEFGHIJKLMNOPQRSTUBWXYZ LOG_TEST message 10000 ABCDEFGHIJKLMNOPQRSTUBWXYZ LOG_TEST message 10000 ABCDEFGHIJKLMNOPQRSTUBWXYZ LOG_TEST message 10000 ABCDEFGHIJKLMNOPQRSTUBWXYZ LOG_TEST message 10000 ABCDEFGHIJKLMNOPQRSTUBWXYZ LOG_TEST message 10000 ABCDEFGHIJKLMNOPQRSTUBWXYZ LOG_TEST message 10000 ABCDEFGHIJKLMNOPQRSTUBWXYZ LOG_TEST message 10000 ABCDEFGHIJKLMNOPQRSTUBWXYZ LOG_TEST message 10000 ABCDEFGHIJKLMNOPQRSTUBWXYZ LOG_TEST message 10000 ABCDEFGHIJKLMNOPQRSTUBWXYZ LOG_TEST message 10000 ABCDEFGHIJKLMNOPQRSTUBWXYZ LOG_TEST message 10000 ABCDEFGHIJKLMNOPQRSTUBWXYZ LOG_TEST message 10000 ABCDEFGHIJKLMNOPQRSTUBWXYZ LOG_TEST message 10000 ABCDEFGHIJKLMNOPQRSTUBWXYZ LOG_TEST message 10000 ABCDEFGHIJKLMNOPQRSTUBWXYZ LOG_TEST message 10000 ABCDEFGHIJKLMNOPQRSTUBWXYZ LOG_TEST message 10000 ABCDEFGHIJKLMNOPQRSTUBWXYZ LOG_TEST message 10000 ABCDEFGHIJKLMNOPQRSTUBWXYZ LOG_TEST message 10000 ABCDEFGHIJKLMNOPQRSTUBWXYZ LOG_TEST message 10000 ABCDEFGHIJKLMNOPQRSTUBWXYZ LOG_TEST message 10000 ABCDEFGHIJKLMNOPQRSTUBWXYZ LOG_TEST message 10000 ABCDEFGHIJKLMNOPQRSTUBWXYZ LOG_TEST message 10000 ABCDEFGHIJKLMNOPQRSTUBWXYZ LOG_TEST message 10000 ABCDEFGHIJKLMNOPQRSTUBWXYZ LOG_TEST message 10000 ABCDEFGHIJKLMNOPQRSTUBWXYZ LOG_TEST message 10000 ABCDEFGHIJKLMNOPQRSTUBWXYZ LOG_TEST message 10000 ABCDEFGHIJKLMNOPQRSTUBWXYZ LOG_TEST message 10000 ABCDEFGHIJKLMNOPQRSTUBWXYZ LOG_TEST message 10000 ABCDEFGHIJKLMNOPQRSTUBWXYZ LOG_TEST message 10000 ABCDEFGHIJKLMNOPQRSTUBWXYZ LOG_TEST message 10000 ABCDEFGHIJKLMNOPQRSTUBWXYZ LOG_TEST message 10000 ABCDEFGHIJKLMNOPQRSTUBWXYZ LOG_TEST message 10000 ABCDEFGHIJKLMNOPQRSTUBWXYZ LOG_TEST message 10000 ABCDEFGHIJKLMNOPQRSTUBWXYZ LOG_TEST message 10000 ABCDEFGHIJKLMNOPQRSTUBWXYZ LOG_TEST message 10000 ABCDEFGHIJKLMNOPQRSTUBWXYZ LOG_TEST message 10000 ABCDEFGHIJKLMNOPQRSTUBWXYZ LOG_TEST message 10000 ABCDEFGHIJKLMNOPQRSTUBWXYZ LOG_TEST message 10000 ABCDEFGHIJKLMNOPQRSTUBWXYZ LOG_TEST message 10000 ABCDEFGHIJKLMNOPQRSTUBWXYZ LOG_TEST message 10000 ABCDEFGHIJKLMNOPQRSTUBWXYZ LOG_TEST message 10000 ABCDEFGHIJKLMNOPQRSTUBWXYZ LOG_TEST message 10000 ABCDEFGHIJKLMNOPQRSTUBWXYZ LOG_TEST message 10000 ABCDEFGHIJKLMNOPQRSTUBWXYZ LOG_TEST message 10000 ABCDEFGHIJKLMNOPQRSTUBWXYZ LOG_TEST message 10000 ABCDEFGHIJKLMNOPQRSTUBWXYZ LOG_TEST message 10000 ABCDEFGHIJKLMNOPQRSTUBWXYZ LOG_TEST message 10000 ABCDEFGHIJKLMNOPQRSTUBWXYZ LOG_TEST message 10000 ABCDEFGHIJKLMNOPQRSTUBWXYZ LOG_TEST message 10000 ABCDEFGHIJKLMNOPQRSTUBWXYZ LOG_TEST message 10000 ABCDEFGHIJKLMNOPQRSTUBWXYZ LOG_TEST message 10000 ABCDEFGHIJKLMNOPQRSTUBWXYZ LOG_TEST message 10000 ABCDEFGHIJKLMNOPQRSTUBWXYZ LOG_TEST message 10000 ABCDEFGHIJKLMNOPQRSTUBWXYZ LOG_TEST message 10000 ABCDEFGHIJKLMNOPQRSTUBWXYZ LOG_TEST message 10000 ABCDEFGHIJKLMNOPQRSTUBWXYZ LOG_TEST message 10000 ABCDEFGHIJKLMNOPQRSTUBWXYZ LOG_TEST message 10000 ABCDEFGHIJKLMNOPQRSTUBWXYZ LOG_TEST message 10000 ABCDEFGHIJKLMNOPQRSTUBWXYZ LOG_TEST message 10000 ABCDEFGHIJKLMNOPQRSTUBWXYZ LOG_TEST message 10000 ABCDEFGHIJKLMNOPQRSTUBWXYZ LOG_TEST message 10000 ABCDEFGHIJKLMNOPQRSTUBWXYZ LOG_TEST message 10000 ABCDEFGHIJKLMNOPQRSTUBWXYZ LOG_TEST message 10000 ABCDEFGHIJKLMNOPQRSTUBWXYZ LOG_TEST message 10000 ABCDEFGHIJKLMNOPQRSTUBWXYZ LOG_TEST message 10000 ABCDEFGHIJKLMNOPQRSTUBWXYZ LOG_TEST message 10000 ABCDEFGHIJKLMNOPQRSTUBWXYZ LOG_TEST message 10000 ABCDEFGHIJKLMNOPQRSTUBWXYZ LOG_TEST message 10000 ABCDEFGHIJKLMNOPQRSTUBWXYZ LOG_TEST message 10000 ABCDEFGHIJKLMNOPQRSTUBWXYZ LOG_TEST message 10000 ABCDEFGHIJKLMNOPQRSTUBWXYZ LOG_TEST message 10000 ABCDEFGHIJKLMNOPQRSTUBWXYZ LOG_TEST message 10000 ABCDEFGHIJKLMNOPQRSTUBWXYZ LOG_TEST message 10000 ABCDEFGHIJKLMNOPQRSTUBWXYZ LOG_TEST message 10000 ABCDEFGHIJKLMNOPQRSTUBWXYZ LOG_TEST message 10000 ABCDEFGHIJKLMNOPQRSTUBWXYZ LOG_TEST message 10000 ABCDEFGHIJKLMNOPQRSTUBWXYZ LOG_TEST message 10000 ABCDEFGHIJKLMNOPQRSTUBWXYZ LOG_TEST message 10000 ABCDEFGHIJKLMNOPQRSTUBWXYZ LOG_TEST message 10000 ABCDEFGHIJKLMNOPQRSTUBWXYZ LOG_TEST message 10000 ABCDEFGHIJKLMNOPQRSTUBWXYZ LOG_TEST message 10000 ABCDEFGHIJKLMNOPQRSTUBWXYZ LOG_TEST message 10000 ABCDEFGHIJKLMNOPQRSTUBWXYZ LOG_TEST message 10000 ABCDEFGHIJKLMNOPQRSTUBWXYZ LOG_TEST message 10000 ABCDEFGHIJKLMNOPQRSTUBWXYZ LOG_TEST message 10000 ABCDEFGHIJKLMNOPQRSTUBWXYZ LOG_TEST message 10000 ABCDEFGHIJKLMNOPQRSTUBWXYZ LOG_TEST message 10000 ABCDEFGHIJKLMNOPQRSTUBWXYZ LOG_TEST message 10000 ABCDEFGHIJKLMNOPQRSTUBWXYZ LOG_TEST message 10000 ABCDEFGHIJKLMNOPQRSTUBWXYZ LOG_TEST message 10000 ABCDEFGHIJKLMNOPQRSTUBWXYZ LOG_TEST message 10000 ABCDEFGHIJKLMNOPQRSTUBWXYZ LOG_TEST message 10000 ABCDEFGHIJKLMNOPQRSTUBWXYZ LOG_TEST message 10000 ABCDEFGHIJKLMNOPQRSTUBWXYZ LOG_TEST message 10000 ABCDEFGHIJKLMNOPQRSTUBWXYZ LOG_TEST message 10000 ABCDEFGHIJKLMNOPQRSTUBWXYZ LOG_TEST message 10000 ABCDEFGHIJKLMNOPQRSTUBWXYZ LOG_TEST message 10000 ABCDEFGHIJKLMNOPQRSTUBWXYZ LOG_TEST message 10000 ABCDEFGHIJKLMNOPQRSTUBWXYZ LOG_TEST message 10000 ABCDEFGHIJKLMNOPQRSTUBWXYZ LOG_TEST message 10000 ABCDEFGHIJKLMNOPQRSTUBWXYZ LOG_TEST message 10000 ABCDEFGHIJKLMNOPQRSTUBWXYZ LOG_TEST message 10000 ABCDEFGHIJKLMNOPQRSTUBWXYZ LOG_TEST message 10000 ABCDEFGHIJKLMNOPQRSTUBWXYZ LOG_TEST message 10000 ABCDEFGHIJKLMNOPQRSTUBWXYZ LOG_TEST message 10000 ABCDEFGHIJKLMNOPQRSTUBWXYZ LOG_TEST message 10000 ABCDEFGHIJKLMNOPQRSTUBWXYZ LOG_TEST message 10000 ABCDEFGHIJKLMNOPQRSTUBWXYZ LOG_TEST message 10000 ABCDEFGHIJKLMNOPQRSTUBWXYZ LOG_TEST message 10000 ABCDEFGHIJKLMNOPQRSTUBWXYZ LOG_TEST message 10000 ABCDEFGHIJKLMNOPQRSTUBWXYZ LOG_TEST message 10000 ABCDEFGHIJKLMNOPQRSTUBWXYZ LOG_TEST message 10000 ABCDEFGHIJKLMNOPQRSTUBWXYZ LOG_TEST message 10000 ABCDEFGHIJKLMNOPQRSTUBWXYZ LOG_TEST message 10000 ABCDEFGHIJKLMNOPQRSTUBWXYZ LOG_TEST message 10000 ABCDEFGHIJKLMNOPQRSTUBWXYZ LOG_TEST message 10000 ABCDEFGHIJKLMNOPQRSTUBWXYZ LOG_TEST message 10000 ABCDEFGHIJKLMNOPQRSTUBWXYZ LOG_TEST message 10000 ABCDEFGHIJKLMNOPQRSTUBWXYZ LOG_TEST message 10000 ABCDEFGHIJKLMNOPQRSTUBWXYZ LOG_TEST message 10000 ABCDEFGHIJKLMNOPQRSTUBWXYZ LOG_TEST message 10000 ABCDEFGHIJKLMNOPQRSTUBWXYZ LOG_TEST message 10000 ABCDEFGHIJKLMNOPQRSTUBWXYZ LOG_TEST message 10000 ABCDEFGHIJKLMNOPQRSTUBWXYZ LOG_TEST message 10000 ABCDEFGHIJKLMNOPQRSTUBWXYZ LOG_TEST message 10000 ABCDEFGHIJKLMNOPQRSTUBWXYZ 
13.197.132.2,https://rasmussen-lewis.net/categories/search.html,/list,2022-04-11 18:05,200,5041,Opera/8.34.(X11; Linux x86_64; iw-IL) Presto/2.9.165 Version/12.00,NULL
90.242.107.154,https://www.scott.com/homepage.html,/posts/posts/explore,2022-04-11 18:05,200,4963,Mozilla/5.0 (Windows NT 5.0; fi-FI; rv:1.9.2.20) Gecko/2020-09-29 23:39:56 Firefox/3.8,NULL
70.7.206.104,https://www.stanley-thompson.com/terms.htm,/wp-admin,2022-04-11 18:05,200,5002,"Mozilla/5.0 (iPad; CPU iPad OS 14_2_1 like Mac OS X) AppleWebKit/534.0 (KHTML, like Gecko) FxiOS/12.9f7952.0 Mobile/11D217 Safari/534.0",NULL
3.251.47.207,https://www.mcmillan.com/tags/main/main/terms/,/app/main/posts,2022-04-11 18:05,200,4980,"Mozilla/5.0 (iPad; CPU iPad OS 9_3_6 like Mac OS X) AppleWebKit/534.2 (KHTML, like Gecko) FxiOS/14.6e7898.0 Mobile/64B924 Safari/534.2",NULL
204.54.66.69,https://martinez.info/terms.htm,/search/tag/list,2022-04-11 18:05,500,5032,Mozilla/5.0 (X11; Linux x86_64; rv:1.9.6.20) Gecko/2016-09-02 09:13:28 Firefox/3.6.17,NULL
107.236.105.83,http://www.casey-dickerson.com/home.htm,/wp-admin,2022-04-11 18:05,200,4957,"Mozilla/5.0 (iPhone; CPU iPhone OS 9_3_6 like Mac OS X) AppleWebKit/535.1 (KHTML, like Gecko) CriOS/30.0.832.0 Mobile/94T943 Safari/535.1",NULL
189.255.100.90,https://kidd.org/about.jsp,/wp-admin,2022-04-11 18:05,200,5012,"Mozilla/5.0 (Macintosh; U; PPC Mac OS X 10_8_8 rv:2.0; bs-BA) AppleWebKit/533.37.1 (KHTML, like Gecko) Version/5.0 Safari/533.37.1",NULL
2.120.89.99,https://www.mckinney.info/list/main/app/login/,/posts/posts/explore,2022-04-11 18:05,500,4875,"Mozilla/5.0 (Macintosh; Intel Mac OS X 10_6_9) AppleWebKit/534.2 (KHTML, like Gecko) Chrome/20.0.834.0 Safari/534.2",NULL
120.9.25.165,https://www.thomas.org/tag/terms.htm,/explore,2022-04-11 18:05,200,4992,Mozilla/5.0 (Android 5.0; Mobile; rv:38.0) Gecko/38.0 Firefox/38.0,NULL
204.104.49.5,http://www.lewis.com/categories/main/,/wp-admin,2022-04-11 18:05,200,4971,"Mozilla/5.0 (X11; Linux i686) AppleWebKit/533.0 (KHTML, like Gecko) Chrome/34.0.871.0 Safari/533.0",NULL
76.141.203.181,http://leonard-mason.com/author.html,/wp-content,2022-04-11 18:05,200,4969,"Mozilla/5.0 (Windows NT 6.0) AppleWebKit/531.2 (KHTML, like Gecko) Chrome/39.0.870.0 Safari/531.2",NULL
171.252.222.161,https://www.russell.info/,/list,404,5061,"Mozilla/5.0 (iPhone; CPU iPhone OS 9_3_5 like Mac OS X) AppleWebKit/536.2 (KHTML, like Gecko) FxiOS/12.3b7711.0 Mobile/60E393 Safari/536.2",NULL
138.146.85.73,https://www.wright-mcdowell.com/app/privacy.php,/posts/posts/explore,200,5035,"Mozilla/5.0 (Linux; Android 4.0.1) AppleWebKit/531.2 (KHTML, like Gecko) Chrome/52.0.842.0 Safari/531.2",NULL
199.234.109.150,http://www.chung.com/,/explore,200,5052,"Mozilla/5.0 (iPad; CPU iPad OS 9_3_6 like Mac OS X) AppleWebKit/533.2 (KHTML, like Gecko) FxiOS/10.4r5161.0 Mobile/57V091 Safari/533.2",NULL
112.103.75.24,https://bishop.com/homepage/,/apps/cart.jsp?appID=1606,200,4936,Mozilla/5.0 (Macintosh; Intel Mac OS X 10_10_8; rv:1.9.3.20) Gecko/2019-07-04 03:11:19 Firefox/7.0,NULL
65.220.208.29,http://www.wood.com/register.jsp,/apps/cart.jsp?appID=6734,200,5024,"Mozilla/5.0 (iPad; CPU iPad OS 10_3_4 like Mac OS X) AppleWebKit/532.1 (KHTML, like Gecko) FxiOS/15.4c3461.0 Mobile/93T995 Safari/532.1",NULL
109.29.198.228,https://www.williamson-guerrero.com/login.html,/search/tag/list,200,5033,Mozilla/5.0 (X11; Linux i686; rv:1.9.5.20) Gecko/2019-12-23 16:13:00 Firefox/3.6.5,NULL
207.175.153.155,https://porter-farrell.info/list/blog/index.html,/wp-content,200,4995,"Mozilla/5.0 (iPhone; CPU iPhone OS 9_3_6 like Mac OS X) AppleWebKit/531.0 (KHTML, like Gecko) FxiOS/16.6k4138.0 Mobile/25X968 Safari/531.0",NULL
86.55.247.80,http://www.pruitt-vasquez.info/search.html,/posts/posts/explore,200,4945,Mozilla/5.0 (Macintosh; PPC Mac OS X 10_7_4; rv:1.9.3.20) Gecko/2014-06-27 03:31:46 Firefox/3.8,NULL
28.217.116.148,http://howard.info/,/search/tag/list,200,5001,"Mozilla/5.0 (iPad; CPU iPad OS 9_3_6 like Mac OS X) AppleWebKit/535.1 (KHTML, like Gecko) FxiOS/18.2s3116.0 Mobile/55H348 Safari/535.1",NULL
220.113.107.90,http://www.king-figueroa.com/posts/posts/main/,/apps/cart.jsp?appID=4809,200,4884,Mozilla/5.0 (Android 2.1; Mobile; rv:13.0) Gecko/13.0 Firefox/13.0,NULL,2022-04-11 18:06
16.165.209.73,https://www.carroll.net/index.php,/wp-admin,404,4990,Mozilla/5.0 (X11; Linux x86_64; rv:1.9.5.20) Gecko/2011-11-17 20:36:30 Firefox/3.6.1,NULL,2022-04-11 18:06
27.145.126.8,https://www.richardson-gray.org/register.php,/wp-admin,200,5079,"Mozilla/5.0 (Windows 95) AppleWebKit/533.1 (KHTML, like Gecko) Chrome/37.0.897.0 Safari/533.1",NULL,2022-04-11 18:06
143.229.128.206,http://www.rodriguez-nunez.com/about/,/explore,200,4994,"Mozilla/5.0 (X11; Linux x86_64) AppleWebKit/534.0 (KHTML, like Gecko) Chrome/58.0.800.0 Safari/534.0",NULL,2022-04-11 18:06
96.10.188.15,https://www.williams-kirk.com/,/apps/cart.jsp?appID=9956,200,4953,"Mozilla/5.0 (iPad; CPU iPad OS 7_1_2 like Mac OS X) AppleWebKit/533.0 (KHTML, like Gecko) CriOS/49.0.845.0 Mobile/67Y328 Safari/533.0",NULL,2022-04-11 18:06
5.112.57.19,https://ross.net/explore/blog/post.asp,/wp-content,200,4980,Opera/8.42.(Windows 95; sa-IN) Presto/2.9.168 Version/12.00,NULL,2022-04-11 18:06
74.131.202.240,https://burns-gonzalez.info/about/,/explore,301,4996,"Mozilla/5.0 (iPhone; CPU iPhone OS 10_3_4 like Mac OS X) AppleWebKit/533.2 (KHTML, like Gecko) FxiOS/16.5o7489.0 Mobile/42V937 Safari/533.2",NULL,2022-04-11 18:10:27
107.167.229.22,http://dunn.com/categories/posts/home.php,/list,200,5002,Mozilla/5.0 (Android 4.3; Mobile; rv:65.0) Gecko/65.0 Firefox/65.0,NULL,2022-04-11 18:10:28
20.8.19.72,https://richardson-stephens.com/list/categories/main.html,/wp-content,200,5050,Mozilla/5.0 (X11; Linux x86_64; rv:1.9.7.20) Gecko/2013-12-28 01:49:01 Firefox/9.0,NULL,2022-04-11 18:10:29
65.9.170.121,https://www.cannon.com/,/wp-content,200,5013,Mozilla/5.0 (compatible; MSIE 7.0; Windows NT 5.0; Trident/4.0),NULL,2022-04-11 18:10:30
106.22.154.149,https://gutierrez.net/,/posts/posts/explore,200,4975,"Mozilla/5.0 (X11; Linux x86_64) AppleWebKit/536.2 (KHTML, like Gecko) Chrome/48.0.884.0 Safari/536.2",NULL
122.205.79.103,https://www.newton-rosales.com/main/,/app/main/posts,200,5052,"Mozilla/5.0 (X11; Linux x86_64) AppleWebKit/535.0 (KHTML, like Gecko) Chrome/63.0.874.0 Safari/535.0",LOG_TEST message 10000 ABCDEFGHIJKLMNOPQRSTUBWXYZ LOG_TEST message 10000 ABCDEFGHIJKLMNOPQRSTUBWXYZ LOG_TEST message 10000 ABCDEFGHIJKLMNOPQRSTUBWXYZ LOG_TEST message 10000 ABCDEFGHIJKLMNOPQRSTUBWXYZ LOG_TEST message 10000 ABCDEFGHIJKLMNOPQRSTUBWXYZ LOG_TEST message 10000 ABCDEFGHIJKLMNOPQRSTUBWXYZ LOG_TEST message 10000 ABCDEFGHIJKLMNOPQRSTUBWXYZ LOG_TEST message 10000 ABCDEFGHIJKLMNOPQRSTUBWXYZ LOG_TEST message 10000 ABCDEFGHIJKLMNOPQRSTUBWXYZ LOG_TEST message 10000 ABCDEFGHIJKLMNOPQRSTUBWXYZ LOG_TEST message 10000 ABCDEFGHIJKLMNOPQRSTUBWXYZ LOG_TEST message 10000 ABCDEFGHIJKLMNOPQRSTUBWXYZ LOG_TEST message 10000 ABCDEFGHIJKLMNOPQRSTUBWXYZ LOG_TEST message 10000 ABCDEFGHIJKLMNOPQRSTUBWXYZ LOG_TEST message 10000 ABCDEFGHIJKLMNOPQRSTUBWXYZ LOG_TEST message 10000 ABCDEFGHIJKLMNOPQRSTUBWXYZ LOG_TEST message 10000 ABCDEFGHIJKLMNOPQRSTUBWXYZ LOG_TEST message 10000 ABCDEFGHIJKLMNOPQRSTUBWXYZ LOG_TEST message 10000 ABCDEFGHIJKLMNOPQRSTUBWXYZ LOG_TEST message 10000 ABCDEFGHIJKLMNOPQRSTUBWXYZ LOG_TEST message 10000 ABCDEFGHIJKLMNOPQRSTUBWXYZ LOG_TEST message 10000 ABCDEFGHIJKLMNOPQRSTUBWXYZ LOG_TEST message 10000 ABCDEFGHIJKLMNOPQRSTUBWXYZ LOG_TEST message 10000 ABCDEFGHIJKLMNOPQRSTUBWXYZ LOG_TEST message 10000 ABCDEFGHIJKLMNOPQRSTUBWXYZ LOG_TEST message 10000 ABCDEFGHIJKLMNOPQRSTUBWXYZ LOG_TEST message 10000 ABCDEFGHIJKLMNOPQRSTUBWXYZ LOG_TEST message 10000 ABCDEFGHIJKLMNOPQRSTUBWXYZ LOG_TEST message 10000 ABCDEFGHIJKLMNOPQRSTUBWXYZ LOG_TEST message 10000 ABCDEFGHIJKLMNOPQRSTUBWXYZ LOG_TEST message 10000 ABCDEFGHIJKLMNOPQRSTUBWXYZ LOG_TEST message 10000 ABCDEFGHIJKLMNOPQRSTUBWXYZ LOG_TEST message 10000 ABCDEFGHIJKLMNOPQRSTUBWXYZ LOG_TEST message 10000 ABCDEFGHIJKLMNOPQRSTUBWXYZ LOG_TEST message 10000 ABCDEFGHIJKLMNOPQRSTUBWXYZ LOG_TEST message 10000 ABCDEFGHIJKLMNOPQRSTUBWXYZ LOG_TEST message 10000 ABCDEFGHIJKLMNOPQRSTUBWXYZ LOG_TEST message 10000 ABCDEFGHIJKLMNOPQRSTUBWXYZ LOG_TEST message 10000 ABCDEFGHIJKLMNOPQRSTUBWXYZ LOG_TEST message 10000 ABCDEFGHIJKLMNOPQRSTUBWXYZ LOG_TEST message 10000 ABCDEFGHIJKLMNOPQRSTUBWXYZ LOG_TEST message 10000 ABCDEFGHIJKLMNOPQRSTUBWXYZ LOG_TEST message 10000 ABCDEFGHIJKLMNOPQRSTUBWXYZ LOG_TEST message 10000 ABCDEFGHIJKLMNOPQRSTUBWXYZ LOG_TEST message 10000 ABCDEFGHIJKLMNOPQRSTUBWXYZ LOG_TEST message 10000 ABCDEFGHIJKLMNOPQRSTUBWXYZ LOG_TEST message 10000 ABCDEFGHIJKLMNOPQRSTUBWXYZ LOG_TEST message 10000 ABCDEFGHIJKLMNOPQRSTUBWXYZ LOG_TEST message 10000 ABCDEFGHIJKLMNOPQRSTUBWXYZ LOG_TEST message 10000 ABCDEFGHIJKLMNOPQRSTUBWXYZ LOG_TEST message 10000 ABCDEFGHIJKLMNOPQRSTUBWXYZ LOG_TEST message 10000 ABCDEFGHIJKLMNOPQRSTUBWXYZ LOG_TEST message 10000 ABCDEFGHIJKLMNOPQRSTUBWXYZ LOG_TEST message 10000 ABCDEFGHIJKLMNOPQRSTUBWXYZ LOG_TEST message 10000 ABCDEFGHIJKLMNOPQRSTUBWXYZ LOG_TEST message 10000 ABCDEFGHIJKLMNOPQRSTUBWXYZ LOG_TEST message 10000 ABCDEFGHIJKLMNOPQRSTUBWXYZ LOG_TEST message 10000 ABCDEFGHIJKLMNOPQRSTUBWXYZ LOG_TEST message 10000 ABCDEFGHIJKLMNOPQRSTUBWXYZ LOG_TEST message 10000 ABCDEFGHIJKLMNOPQRSTUBWXYZ LOG_TEST message 10000 ABCDEFGHIJKLMNOPQRSTUBWXYZ LOG_TEST message 10000 ABCDEFGHIJKLMNOPQRSTUBWXYZ LOG_TEST message 10000 ABCDEFGHIJKLMNOPQRSTUBWXYZ LOG_TEST message 10000 ABCDEFGHIJKLMNOPQRSTUBWXYZ LOG_TEST message 10000 ABCDEFGHIJKLMNOPQRSTUBWXYZ LOG_TEST message 10000 ABCDEFGHIJKLMNOPQRSTUBWXYZ LOG_TEST message 10000 ABCDEFGHIJKLMNOPQRSTUBWXYZ LOG_TEST message 10000 ABCDEFGHIJKLMNOPQRSTUBWXYZ LOG_TEST message 10000 ABCDEFGHIJKLMNOPQRSTUBWXYZ LOG_TEST message 10000 ABCDEFGHIJKLMNOPQRSTUBWXYZ LOG_TEST message 10000 ABCDEFGHIJKLMNOPQRSTUBWXYZ LOG_TEST message 10000 ABCDEFGHIJKLMNOPQRSTUBWXYZ LOG_TEST message 10000 ABCDEFGHIJKLMNOPQRSTUBWXYZ LOG_TEST message 10000 ABCDEFGHIJKLMNOPQRSTUBWXYZ LOG_TEST message 10000 ABCDEFGHIJKLMNOPQRSTUBWXYZ LOG_TEST message 10000 ABCDEFGHIJKLMNOPQRSTUBWXYZ LOG_TEST message 10000 ABCDEFGHIJKLMNOPQRSTUBWXYZ LOG_TEST message 10000 ABCDEFGHIJKLMNOPQRSTUBWXYZ LOG_TEST message 10000 ABCDEFGHIJKLMNOPQRSTUBWXYZ LOG_TEST message 10000 ABCDEFGHIJKLMNOPQRSTUBWXYZ LOG_TEST message 10000 ABCDEFGHIJKLMNOPQRSTUBWXYZ LOG_TEST message 10000 ABCDEFGHIJKLMNOPQRSTUBWXYZ LOG_TEST message 10000 ABCDEFGHIJKLMNOPQRSTUBWXYZ LOG_TEST message 10000 ABCDEFGHIJKLMNOPQRSTUBWXYZ LOG_TEST message 10000 ABCDEFGHIJKLMNOPQRSTUBWXYZ LOG_TEST message 10000 ABCDEFGHIJKLMNOPQRSTUBWXYZ LOG_TEST message 10000 ABCDEFGHIJKLMNOPQRSTUBWXYZ LOG_TEST message 10000 ABCDEFGHIJKLMNOPQRSTUBWXYZ LOG_TEST message 10000 ABCDEFGHIJKLMNOPQRSTUBWXYZ LOG_TEST message 10000 ABCDEFGHIJKLMNOPQRSTUBWXYZ LOG_TEST message 10000 ABCDEFGHIJKLMNOPQRSTUBWXYZ LOG_TEST message 10000 ABCDEFGHIJKLMNOPQRSTUBWXYZ LOG_TEST message 10000 ABCDEFGHIJKLMNOPQRSTUBWXYZ LOG_TEST message 10000 ABCDEFGHIJKLMNOPQRSTUBWXYZ LOG_TEST message 10000 ABCDEFGHIJKLMNOPQRSTUBWXYZ LOG_TEST message 10000 ABCDEFGHIJKLMNOPQRSTUBWXYZ LOG_TEST message 10000 ABCDEFGHIJKLMNOPQRSTUBWXYZ LOG_TEST message 10000 ABCDEFGHIJKLMNOPQRSTUBWXYZ LOG_TEST message 10000 ABCDEFGHIJKLMNOPQRSTUBWXYZ LOG_TEST message 10000 ABCDEFGHIJKLMNOPQRSTUBWXYZ LOG_TEST message 10000 ABCDEFGHIJKLMNOPQRSTUBWXYZ LOG_TEST message 10000 ABCDEFGHIJKLMNOPQRSTUBWXYZ LOG_TEST message 10000 ABCDEFGHIJKLMNOPQRSTUBWXYZ LOG_TEST message 10000 ABCDEFGHIJKLMNOPQRSTUBWXYZ LOG_TEST message 10000 ABCDEFGHIJKLMNOPQRSTUBWXYZ LOG_TEST message 10000 ABCDEFGHIJKLMNOPQRSTUBWXYZ LOG_TEST message 10000 ABCDEFGHIJKLMNOPQRSTUBWXYZ LOG_TEST message 10000 ABCDEFGHIJKLMNOPQRSTUBWXYZ LOG_TEST message 10000 ABCDEFGHIJKLMNOPQRSTUBWXYZ LOG_TEST message 10000 ABCDEFGHIJKLMNOPQRSTUBWXYZ LOG_TEST message 10000 ABCDEFGHIJKLMNOPQRSTUBWXYZ LOG_TEST message 10000 ABCDEFGHIJKLMNOPQRSTUBWXYZ LOG_TEST message 10000 ABCDEFGHIJKLMNOPQRSTUBWXYZ LOG_TEST message 10000 ABCDEFGHIJKLMNOPQRSTUBWXYZ LOG_TEST message 10000 ABCDEFGHIJKLMNOPQRSTUBWXYZ LOG_TEST message 10000 ABCDEFGHIJKLMNOPQRSTUBWXYZ LOG_TEST message 10000 ABCDEFGHIJKLMNOPQRSTUBWXYZ LOG_TEST message 10000 ABCDEFGHIJKLMNOPQRSTUBWXYZ LOG_TEST message 10000 ABCDEFGHIJKLMNOPQRSTUBWXYZ LOG_TEST message 10000 ABCDEFGHIJKLMNOPQRSTUBWXYZ LOG_TEST message 10000 ABCDEFGHIJKLMNOPQRSTUBWXYZ LOG_TEST message 10000 ABCDEFGHIJKLMNOPQRSTUBWXYZ LOG_TEST message 10000 ABCDEFGHIJKLMNOPQRSTUBWXYZ LOG_TEST message 10000 ABCDEFGHIJKLMNOPQRSTUBWXYZ LOG_TEST message 10000 ABCDEFGHIJKLMNOPQRSTUBWXYZ LOG_TEST message 10000 ABCDEFGHIJKLMNOPQRSTUBWXYZ LOG_TEST message 10000 ABCDEFGHIJKLMNOPQRSTUBWXYZ LOG_TEST message 10000 ABCDEFGHIJKLMNOPQRSTUBWXYZ LOG_TEST message 10000 ABCDEFGHIJKLMNOPQRSTUBWXYZ LOG_TEST message 10000 ABCDEFGHIJKLMNOPQRSTUBWXYZ LOG_TEST message 10000 ABCDEFGHIJKLMNOPQRSTUBWXYZ LOG_TEST message 10000 ABCDEFGHIJKLMNOPQRSTUBWXYZ LOG_TEST message 10000 ABCDEFGHIJKLMNOPQRSTUBWXYZ LOG_TEST message 10000 ABCDEFGHIJKLMNOPQRSTUBWXYZ LOG_TEST message 10000 ABCDEFGHIJKLMNOPQRSTUBWXYZ LOG_TEST message 10000 ABCDEFGHIJKLMNOPQRSTUBWXYZ LOG_TEST message 10000 ABCDEFGHIJKLMNOPQRSTUBWXYZ LOG_TEST message 10000 ABCDEFGHIJKLMNOPQRSTUBWXYZ LOG_TEST message 10000 ABCDEFGHIJKLMNOPQRSTUBWXYZ LOG_TEST message 10000 ABCDEFGHIJKLMNOPQRSTUBWXYZ LOG_TEST message 10000 ABCDEFGHIJKLMNOPQRSTUBWXYZ LOG_TEST message 10000 ABCDEFGHIJKLMNOPQRSTUBWXYZ LOG_TEST message 10000 ABCDEFGHIJKLMNOPQRSTUBWXYZ LOG_TEST message 10000 ABCDEFGHIJKLMNOPQRSTUBWXYZ LOG_TEST message 10000 ABCDEFGHIJKLMNOPQRSTUBWXYZ LOG_TEST message 10000 ABCDEFGHIJKLMNOPQRSTUBWXYZ LOG_TEST message 10000 ABCDEFGHIJKLMNOPQRSTUBWXYZ LOG_TEST message 10000 ABCDEFGHIJKLMNOPQRSTUBWXYZ LOG_TEST message 10000 ABCDEFGHIJKLMNOPQRSTUBWXYZ LOG_TEST message 10000 ABCDEFGHIJKLMNOPQRSTUBWXYZ LOG_TEST message 10000 ABCDEFGHIJKLMNOPQRSTUBWXYZ LOG_TEST message 10000 ABCDEFGHIJKLMNOPQRSTUBWXYZ LOG_TEST message 10000 ABCDEFGHIJKLMNOPQRSTUBWXYZ LOG_TEST message 10000 ABCDEFGHIJKLMNOPQRSTUBWXYZ LOG_TEST message 10000 ABCDEFGHIJKLMNOPQRSTUBWXYZ LOG_TEST message 10000 ABCDEFGHIJKLMNOPQRSTUBWXYZ LOG_TEST message 10000 ABCDEFGHIJKLMNOPQRSTUBWXYZ LOG_TEST message 10000 ABCDEFGHIJKLMNOPQRSTUBWXYZ LOG_TEST message 10000 ABCDEFGHIJKLMNOPQRSTUBWXYZ LOG_TEST message 10000 ABCDEFGHIJKLMNOPQRSTUBWXYZ LOG_TEST message 10000 ABCDEFGHIJKLMNOPQRSTUBWXYZ LOG_TEST message 10000 ABCDEFGHIJKLMNOPQRSTUBWXYZ LOG_TEST message 10000 ABCDEFGHIJKLMNOPQRSTUBWXYZ LOG_TEST message 10000 ABCDEFGHIJKLMNOPQRSTUBWXYZ LOG_TEST message 10000 ABCDEFGHIJKLMNOPQRSTUBWXYZ LOG_TEST message 10000 ABCDEFGHIJKLMNOPQRSTUBWXYZ LOG_TEST message 10000 ABCDEFGHIJKLMNOPQRSTUBWXYZ LOG_TEST message 10000 ABCDEFGHIJKLMNOPQRSTUBWXYZ LOG_TEST message 10000 ABCDEFGHIJKLMNOPQRSTUBWXYZ LOG_TEST message 10000 ABCDEFGHIJKLMNOPQRSTUBWXYZ LOG_TEST message 10000 ABCDEFGHIJKLMNOPQRSTUBWXYZ LOG_TEST message 10000 ABCDEFGHIJKLMNOPQRSTUBWXYZ LOG_TEST message 10000 ABCDEFGHIJKLMNOPQRSTUBWXYZ LOG_TEST message 10000 ABCDEFGHIJKLMNOPQRSTUBWXYZ LOG_TEST message 10000 ABCDEFGHIJKLMNOPQRSTUBWXYZ LOG_TEST message 10000 ABCDEFGHIJKLMNOPQRSTUBWXYZ LOG_TEST message 10000 ABCDEFGHIJKLMNOPQRSTUBWXYZ LOG_TEST message 10000 ABCDEFGHIJKLMNOPQRSTUBWXYZ LOG_TEST message 10000 ABCDEFGHIJKLMNOPQRSTUBWXYZ LOG_TEST message 10000 ABCDEFGHIJKLMNOPQRSTUBWXYZ LOG_TEST message 10000 ABCDEFGHIJKLMNOPQRSTUBWXYZ LOG_TEST message 10000 ABCDEFGHIJKLMNOPQRSTUBWXYZ LOG_TEST message 10000 ABCDEFGHIJKLMNOPQRSTUBWXYZ LOG_TEST message 10000 ABCDEFGHIJKLMNOPQRSTUBWXYZ LOG_TEST message 10000 ABCDEFGHIJKLMNOPQRSTUBWXYZ LOG_TEST message 10000 ABCDEFGHIJKLMNOPQRSTUBWXYZ LOG_TEST message 10000 ABCDEFGHIJKLMNOPQRSTUBWXYZ LOG_TEST message 10000 ABCDEFGHIJKLMNOPQRSTUBWXYZ LOG_TEST message 10000 ABCDEFGHIJKLMNOPQRSTUBWXYZ LOG_TEST message 10000 ABCDEFGHIJKLMNOPQRSTUBWXYZ LOG_TEST message 10000 ABCDEFGHIJKLMNOPQRSTUBWXYZ LOG_TEST message 10000 ABCDEFGHIJKLMNOPQRSTUBWXYZ LOG_TEST message 10000 ABCDEFGHIJKLMNOPQRSTUBWXYZ LOG_TEST message 10000 ABCDEFGHIJKLMNOPQRSTUBWXYZ LOG_TEST message 10000 ABCDEFGHIJKLMNOPQRSTUBWXYZ LOG_TEST message 10000 ABCDEFGHIJKLMNOPQRSTUBWXYZ LOG_TEST message 10000 ABCDEFGHIJKLMNOPQRSTUBWXYZ LOG_TEST message 10000 ABCDEFGHIJKLMNOPQRSTUBWXYZ LOG_TEST message 10000 ABCDEFGHIJKLMNOPQRSTUBWXYZ LOG_TEST message 10000 ABCDEFGHIJKLMNOPQRSTUBWXYZ 
6.61.241.159,https://perry.com/login/,/list,200,4975,"Mozilla/5.0 (Macintosh; PPC Mac OS X 10_12_2) AppleWebKit/535.2 (KHTML, like Gecko) Chrome/18.0.821.0 Safari/535.2",NULL
195.34.98.181,https://www.stout-knight.net/privacy.asp,/search/tag/list,200,4933,"Mozilla/5.0 (Macintosh; U; Intel Mac OS X 10_8_9 rv:5.0; ha-NG) AppleWebKit/531.30.7 (KHTML, like Gecko) Version/4.1 Safari/531.30.7",NULL
59.218.112.91,https://www.elliott.com/search/app/explore/terms.php,/app/main/posts,301,4968,"Mozilla/5.0 (Macintosh; Intel Mac OS X 10_9_0) AppleWebKit/533.2 (KHTML, like Gecko) Chrome/54.0.814.0 Safari/533.2",NULL
189.48.144.49,https://www.kelly-mendoza.com/,/search/tag/list,200,5006,Mozilla/5.0 (Windows 95; nl-AW; rv:1.9.0.20) Gecko/2021-07-12 19:25:58 Firefox/5.0,NULL
2022/04/11 18:10:50,208.215.15.22,https://cunningham-byrd.org/faq/,/app/main/posts,200,4956,"Mozilla/5.0 (iPad; CPU iPad OS 12_4_8 like Mac OS X) AppleWebKit/532.2 (KHTML, like Gecko) FxiOS/9.8a2764.0 Mobile/34I509 Safari/532.2",NULL
2022/04/11 18:10:51,199.183.33.62,http://www.baxter.com/,/wp-content,200,5090,Mozilla/5.0 (Android 1.0; Mobile; rv:66.0) Gecko/66.0 Firefox/66.0,NULL
2022/04/11 18:10:52,152.71.152.39,https://freeman.info/explore/category/main/privacy.jsp,/list,200,5064,"Mozilla/5.0 (Windows 98; Win 9x 4.90) AppleWebKit/534.0 (KHTML, like Gecko) Chrome/15.0.810.0 Safari/534.0",NULL
2022/04/11 18:10:53,39.250.57.87,https://griffin-king.com/posts/category.php,/list,200,4948,Mozilla/5.0 (X11; Linux i686; rv:1.9.5.20) Gecko/2019-05-08 17:33:05 Firefox/3.8,NULL
2022/04/11 18:10:54,212.65.12.58,https://smith.com/wp-content/faq/,/wp-admin,200,4934,"Mozilla/5.0 (iPhone; CPU iPhone OS 9_3_6 like Mac OS X) AppleWebKit/536.0 (KHTML, like Gecko) FxiOS/13.7l3863.0 Mobile/58B769 Safari/536.0",NULL
2022-04-11 18:10:57,48.127.61.21,http://www.wood.com/blog/posts/search.htm,/wp-admin,200,4896,"Mozilla/5.0 (Windows; U; Windows NT 5.1) AppleWebKit/533.47.6 (KHTML, like Gecko) Version/5.0.4 Safari/533.47.6",NULL
2022-04-11 18:10:58,201.35.155.202,http://cook-nelson.com/list/blog/main/,/search/tag/list,200,5005,Opera/9.53.(Windows NT 5.1; niu-NZ) Presto/2.9.178 Version/12.00,NULL
2022-04-11 18:10:59,153.176.27.17,https://brown-wiggins.net/categories/explore/categories/homepage.php,/wp-admin,200,5141,"Mozilla/5.0 (Linux; Android 7.0) AppleWebKit/533.2 (KHTML, like Gecko) Chrome/53.0.863.0 Safari/533.2",NULL
2022-04-11 18:11:00,154.224.237.180,http://www.mays-bradford.info/tags/terms.jsp,/list,200,4961,"Mozilla/5.0 (iPhone; CPU iPhone OS 3_1_3 like Mac OS X) AppleWebKit/533.2 (KHTML, like Gecko) CriOS/24.0.878.0 Mobile/31F406 Safari/533.2",LOG_TEST message 10000 ABCDEFGHIJKLMNOPQRSTUBWXYZ LOG_TEST message 10000 ABCDEFGHIJKLMNOPQRSTUBWXYZ LOG_TEST message 10000 ABCDEFGHIJKLMNOPQRSTUBWXYZ LOG_TEST message 10000 ABCDEFGHIJKLMNOPQRSTUBWXYZ LOG_TEST message 10000 ABCDEFGHIJKLMNOPQRSTUBWXYZ LOG_TEST message 10000 ABCDEFGHIJKLMNOPQRSTUBWXYZ LOG_TEST message 10000 ABCDEFGHIJKLMNOPQRSTUBWXYZ LOG_TEST message 10000 ABCDEFGHIJKLMNOPQRSTUBWXYZ LOG_TEST message 10000 ABCDEFGHIJKLMNOPQRSTUBWXYZ LOG_TEST message 10000 ABCDEFGHIJKLMNOPQRSTUBWXYZ LOG_TEST message 10000 ABCDEFGHIJKLMNOPQRSTUBWXYZ LOG_TEST message 10000 ABCDEFGHIJKLMNOPQRSTUBWXYZ LOG_TEST message 10000 ABCDEFGHIJKLMNOPQRSTUBWXYZ LOG_TEST message 10000 ABCDEFGHIJKLMNOPQRSTUBWXYZ LOG_TEST message 10000 ABCDEFGHIJKLMNOPQRSTUBWXYZ LOG_TEST message 10000 ABCDEFGHIJKLMNOPQRSTUBWXYZ LOG_TEST message 10000 ABCDEFGHIJKLMNOPQRSTUBWXYZ LOG_TEST message 10000 ABCDEFGHIJKLMNOPQRSTUBWXYZ LOG_TEST message 10000 ABCDEFGHIJKLMNOPQRSTUBWXYZ LOG_TEST message 10000 ABCDEFGHIJKLMNOPQRSTUBWXYZ LOG_TEST message 10000 ABCDEFGHIJKLMNOPQRSTUBWXYZ LOG_TEST message 10000 ABCDEFGHIJKLMNOPQRSTUBWXYZ LOG_TEST message 10000 ABCDEFGHIJKLMNOPQRSTUBWXYZ LOG_TEST message 10000 ABCDEFGHIJKLMNOPQRSTUBWXYZ LOG_TEST message 10000 ABCDEFGHIJKLMNOPQRSTUBWXYZ LOG_TEST message 10000 ABCDEFGHIJKLMNOPQRSTUBWXYZ LOG_TEST message 10000 ABCDEFGHIJKLMNOPQRSTUBWXYZ LOG_TEST message 10000 ABCDEFGHIJKLMNOPQRSTUBWXYZ LOG_TEST message 10000 ABCDEFGHIJKLMNOPQRSTUBWXYZ LOG_TEST message 10000 ABCDEFGHIJKLMNOPQRSTUBWXYZ LOG_TEST message 10000 ABCDEFGHIJKLMNOPQRSTUBWXYZ LOG_TEST message 10000 ABCDEFGHIJKLMNOPQRSTUBWXYZ LOG_TEST message 10000 ABCDEFGHIJKLMNOPQRSTUBWXYZ LOG_TEST message 10000 ABCDEFGHIJKLMNOPQRSTUBWXYZ LOG_TEST message 10000 ABCDEFGHIJKLMNOPQRSTUBWXYZ LOG_TEST message 10000 ABCDEFGHIJKLMNOPQRSTUBWXYZ LOG_TEST message 10000 ABCDEFGHIJKLMNOPQRSTUBWXYZ LOG_TEST message 10000 ABCDEFGHIJKLMNOPQRSTUBWXYZ LOG_TEST message 10000 ABCDEFGHIJKLMNOPQRSTUBWXYZ LOG_TEST message 10000 ABCDEFGHIJKLMNOPQRSTUBWXYZ LOG_TEST message 10000 ABCDEFGHIJKLMNOPQRSTUBWXYZ LOG_TEST message 10000 ABCDEFGHIJKLMNOPQRSTUBWXYZ LOG_TEST message 10000 ABCDEFGHIJKLMNOPQRSTUBWXYZ LOG_TEST message 10000 ABCDEFGHIJKLMNOPQRSTUBWXYZ LOG_TEST message 10000 ABCDEFGHIJKLMNOPQRSTUBWXYZ LOG_TEST message 10000 ABCDEFGHIJKLMNOPQRSTUBWXYZ LOG_TEST message 10000 ABCDEFGHIJKLMNOPQRSTUBWXYZ LOG_TEST message 10000 ABCDEFGHIJKLMNOPQRSTUBWXYZ LOG_TEST message 10000 ABCDEFGHIJKLMNOPQRSTUBWXYZ LOG_TEST message 10000 ABCDEFGHIJKLMNOPQRSTUBWXYZ LOG_TEST message 10000 ABCDEFGHIJKLMNOPQRSTUBWXYZ LOG_TEST message 10000 ABCDEFGHIJKLMNOPQRSTUBWXYZ LOG_TEST message 10000 ABCDEFGHIJKLMNOPQRSTUBWXYZ LOG_TEST message 10000 ABCDEFGHIJKLMNOPQRSTUBWXYZ LOG_TEST message 10000 ABCDEFGHIJKLMNOPQRSTUBWXYZ LOG_TEST message 10000 ABCDEFGHIJKLMNOPQRSTUBWXYZ LOG_TEST message 10000 ABCDEFGHIJKLMNOPQRSTUBWXYZ LOG_TEST message 10000 ABCDEFGHIJKLMNOPQRSTUBWXYZ LOG_TEST message 10000 ABCDEFGHIJKLMNOPQRSTUBWXYZ LOG_TEST message 10000 ABCDEFGHIJKLMNOPQRSTUBWXYZ LOG_TEST message 10000 ABCDEFGHIJKLMNOPQRSTUBWXYZ LOG_TEST message 10000 ABCDEFGHIJKLMNOPQRSTUBWXYZ LOG_TEST message 10000 ABCDEFGHIJKLMNOPQRSTUBWXYZ LOG_TEST message 10000 ABCDEFGHIJKLMNOPQRSTUBWXYZ LOG_TEST message 10000 ABCDEFGHIJKLMNOPQRSTUBWXYZ LOG_TEST message 10000 ABCDEFGHIJKLMNOPQRSTUBWXYZ LOG_TEST message 10000 ABCDEFGHIJKLMNOPQRSTUBWXYZ LOG_TEST message 10000 ABCDEFGHIJKLMNOPQRSTUBWXYZ LOG_TEST message 10000 ABCDEFGHIJKLMNOPQRSTUBWXYZ LOG_TEST message 10000 ABCDEFGHIJKLMNOPQRSTUBWXYZ LOG_TEST message 10000 ABCDEFGHIJKLMNOPQRSTUBWXYZ LOG_TEST message 10000 ABCDEFGHIJKLMNOPQRSTUBWXYZ LOG_TEST message 10000 ABCDEFGHIJKLMNOPQRSTUBWXYZ LOG_TEST message 10000 ABCDEFGHIJKLMNOPQRSTUBWXYZ LOG_TEST message 10000 ABCDEFGHIJKLMNOPQRSTUBWXYZ LOG_TEST message 10000 ABCDEFGHIJKLMNOPQRSTUBWXYZ LOG_TEST message 10000 ABCDEFGHIJKLMNOPQRSTUBWXYZ LOG_TEST message 10000 ABCDEFGHIJKLMNOPQRSTUBWXYZ LOG_TEST message 10000 ABCDEFGHIJKLMNOPQRSTUBWXYZ LOG_TEST message 10000 ABCDEFGHIJKLMNOPQRSTUBWXYZ LOG_TEST message 10000 ABCDEFGHIJKLMNOPQRSTUBWXYZ LOG_TEST message 10000 ABCDEFGHIJKLMNOPQRSTUBWXYZ LOG_TEST message 10000 ABCDEFGHIJKLMNOPQRSTUBWXYZ LOG_TEST message 10000 ABCDEFGHIJKLMNOPQRSTUBWXYZ LOG_TEST message 10000 ABCDEFGHIJKLMNOPQRSTUBWXYZ LOG_TEST message 10000 ABCDEFGHIJKLMNOPQRSTUBWXYZ LOG_TEST message 10000 ABCDEFGHIJKLMNOPQRSTUBWXYZ LOG_TEST message 10000 ABCDEFGHIJKLMNOPQRSTUBWXYZ LOG_TEST message 10000 ABCDEFGHIJKLMNOPQRSTUBWXYZ LOG_TEST message 10000 ABCDEFGHIJKLMNOPQRSTUBWXYZ LOG_TEST message 10000 ABCDEFGHIJKLMNOPQRSTUBWXYZ LOG_TEST message 10000 ABCDEFGHIJKLMNOPQRSTUBWXYZ LOG_TEST message 10000 ABCDEFGHIJKLMNOPQRSTUBWXYZ LOG_TEST message 10000 ABCDEFGHIJKLMNOPQRSTUBWXYZ LOG_TEST message 10000 ABCDEFGHIJKLMNOPQRSTUBWXYZ LOG_TEST message 10000 ABCDEFGHIJKLMNOPQRSTUBWXYZ LOG_TEST message 10000 ABCDEFGHIJKLMNOPQRSTUBWXYZ LOG_TEST message 10000 ABCDEFGHIJKLMNOPQRSTUBWXYZ LOG_TEST message 10000 ABCDEFGHIJKLMNOPQRSTUBWXYZ LOG_TEST message 10000 ABCDEFGHIJKLMNOPQRSTUBWXYZ LOG_TEST message 10000 ABCDEFGHIJKLMNOPQRSTUBWXYZ LOG_TEST message 10000 ABCDEFGHIJKLMNOPQRSTUBWXYZ LOG_TEST message 10000 ABCDEFGHIJKLMNOPQRSTUBWXYZ LOG_TEST message 10000 ABCDEFGHIJKLMNOPQRSTUBWXYZ LOG_TEST message 10000 ABCDEFGHIJKLMNOPQRSTUBWXYZ LOG_TEST message 10000 ABCDEFGHIJKLMNOPQRSTUBWXYZ LOG_TEST message 10000 ABCDEFGHIJKLMNOPQRSTUBWXYZ LOG_TEST message 10000 ABCDEFGHIJKLMNOPQRSTUBWXYZ LOG_TEST message 10000 ABCDEFGHIJKLMNOPQRSTUBWXYZ LOG_TEST message 10000 ABCDEFGHIJKLMNOPQRSTUBWXYZ LOG_TEST message 10000 ABCDEFGHIJKLMNOPQRSTUBWXYZ LOG_TEST message 10000 ABCDEFGHIJKLMNOPQRSTUBWXYZ LOG_TEST message 10000 ABCDEFGHIJKLMNOPQRSTUBWXYZ LOG_TEST message 10000 ABCDEFGHIJKLMNOPQRSTUBWXYZ LOG_TEST message 10000 ABCDEFGHIJKLMNOPQRSTUBWXYZ LOG_TEST message 10000 ABCDEFGHIJKLMNOPQRSTUBWXYZ LOG_TEST message 10000 ABCDEFGHIJKLMNOPQRSTUBWXYZ LOG_TEST message 10000 ABCDEFGHIJKLMNOPQRSTUBWXYZ LOG_TEST message 10000 ABCDEFGHIJKLMNOPQRSTUBWXYZ LOG_TEST message 10000 ABCDEFGHIJKLMNOPQRSTUBWXYZ LOG_TEST message 10000 ABCDEFGHIJKLMNOPQRSTUBWXYZ LOG_TEST message 10000 ABCDEFGHIJKLMNOPQRSTUBWXYZ LOG_TEST message 10000 ABCDEFGHIJKLMNOPQRSTUBWXYZ LOG_TEST message 10000 ABCDEFGHIJKLMNOPQRSTUBWXYZ LOG_TEST message 10000 ABCDEFGHIJKLMNOPQRSTUBWXYZ LOG_TEST message 10000 ABCDEFGHIJKLMNOPQRSTUBWXYZ LOG_TEST message 10000 ABCDEFGHIJKLMNOPQRSTUBWXYZ LOG_TEST message 10000 ABCDEFGHIJKLMNOPQRSTUBWXYZ LOG_TEST message 10000 ABCDEFGHIJKLMNOPQRSTUBWXYZ LOG_TEST message 10000 ABCDEFGHIJKLMNOPQRSTUBWXYZ LOG_TEST message 10000 ABCDEFGHIJKLMNOPQRSTUBWXYZ LOG_TEST message 10000 ABCDEFGHIJKLMNOPQRSTUBWXYZ LOG_TEST message 10000 ABCDEFGHIJKLMNOPQRSTUBWXYZ LOG_TEST message 10000 ABCDEFGHIJKLMNOPQRSTUBWXYZ LOG_TEST message 10000 ABCDEFGHIJKLMNOPQRSTUBWXYZ LOG_TEST message 10000 ABCDEFGHIJKLMNOPQRSTUBWXYZ LOG_TEST message 10000 ABCDEFGHIJKLMNOPQRSTUBWXYZ LOG_TEST message 10000 ABCDEFGHIJKLMNOPQRSTUBWXYZ LOG_TEST message 10000 ABCDEFGHIJKLMNOPQRSTUBWXYZ LOG_TEST message 10000 ABCDEFGHIJKLMNOPQRSTUBWXYZ LOG_TEST message 10000 ABCDEFGHIJKLMNOPQRSTUBWXYZ LOG_TEST message 10000 ABCDEFGHIJKLMNOPQRSTUBWXYZ LOG_TEST message 10000 ABCDEFGHIJKLMNOPQRSTUBWXYZ LOG_TEST message 10000 ABCDEFGHIJKLMNOPQRSTUBWXYZ LOG_TEST message 10000 ABCDEFGHIJKLMNOPQRSTUBWXYZ LOG_TEST message 10000 ABCDEFGHIJKLMNOPQRSTUBWXYZ LOG_TEST message 10000 ABCDEFGHIJKLMNOPQRSTUBWXYZ LOG_TEST message 10000 ABCDEFGHIJKLMNOPQRSTUBWXYZ LOG_TEST message 10000 ABCDEFGHIJKLMNOPQRSTUBWXYZ LOG_TEST message 10000 ABCDEFGHIJKLMNOPQRSTUBWXYZ LOG_TEST message 10000 ABCDEFGHIJKLMNOPQRSTUBWXYZ LOG_TEST message 10000 ABCDEFGHIJKLMNOPQRSTUBWXYZ LOG_TEST message 10000 ABCDEFGHIJKLMNOPQRSTUBWXYZ LOG_TEST message 10000 ABCDEFGHIJKLMNOPQRSTUBWXYZ LOG_TEST message 10000 ABCDEFGHIJKLMNOPQRSTUBWXYZ LOG_TEST message 10000 ABCDEFGHIJKLMNOPQRSTUBWXYZ LOG_TEST message 10000 ABCDEFGHIJKLMNOPQRSTUBWXYZ LOG_TEST message 10000 ABCDEFGHIJKLMNOPQRSTUBWXYZ LOG_TEST message 10000 ABCDEFGHIJKLMNOPQRSTUBWXYZ LOG_TEST message 10000 ABCDEFGHIJKLMNOPQRSTUBWXYZ LOG_TEST message 10000 ABCDEFGHIJKLMNOPQRSTUBWXYZ LOG_TEST message 10000 ABCDEFGHIJKLMNOPQRSTUBWXYZ LOG_TEST message 10000 ABCDEFGHIJKLMNOPQRSTUBWXYZ LOG_TEST message 10000 ABCDEFGHIJKLMNOPQRSTUBWXYZ LOG_TEST message 10000 ABCDEFGHIJKLMNOPQRSTUBWXYZ LOG_TEST message 10000 ABCDEFGHIJKLMNOPQRSTUBWXYZ LOG_TEST message 10000 ABCDEFGHIJKLMNOPQRSTUBWXYZ LOG_TEST message 10000 ABCDEFGHIJKLMNOPQRSTUBWXYZ LOG_TEST message 10000 ABCDEFGHIJKLMNOPQRSTUBWXYZ LOG_TEST message 10000 ABCDEFGHIJKLMNOPQRSTUBWXYZ LOG_TEST message 10000 ABCDEFGHIJKLMNOPQRSTUBWXYZ LOG_TEST message 10000 ABCDEFGHIJKLMNOPQRSTUBWXYZ LOG_TEST message 10000 ABCDEFGHIJKLMNOPQRSTUBWXYZ LOG_TEST message 10000 ABCDEFGHIJKLMNOPQRSTUBWXYZ LOG_TEST message 10000 ABCDEFGHIJKLMNOPQRSTUBWXYZ LOG_TEST message 10000 ABCDEFGHIJKLMNOPQRSTUBWXYZ LOG_TEST message 10000 ABCDEFGHIJKLMNOPQRSTUBWXYZ LOG_TEST message 10000 ABCDEFGHIJKLMNOPQRSTUBWXYZ LOG_TEST message 10000 ABCDEFGHIJKLMNOPQRSTUBWXYZ LOG_TEST message 10000 ABCDEFGHIJKLMNOPQRSTUBWXYZ LOG_TEST message 10000 ABCDEFGHIJKLMNOPQRSTUBWXYZ LOG_TEST message 10000 ABCDEFGHIJKLMNOPQRSTUBWXYZ LOG_TEST message 10000 ABCDEFGHIJKLMNOPQRSTUBWXYZ LOG_TEST message 10000 ABCDEFGHIJKLMNOPQRSTUBWXYZ LOG_TEST message 10000 ABCDEFGHIJKLMNOPQRSTUBWXYZ LOG_TEST message 10000 ABCDEFGHIJKLMNOPQRSTUBWXYZ LOG_TEST message 10000 ABCDEFGHIJKLMNOPQRSTUBWXYZ LOG_TEST message 10000 ABCDEFGHIJKLMNOPQRSTUBWXYZ LOG_TEST message 10000 ABCDEFGHIJKLMNOPQRSTUBWXYZ LOG_TEST message 10000 ABCDEFGHIJKLMNOPQRSTUBWXYZ LOG_TEST message 10000 ABCDEFGHIJKLMNOPQRSTUBWXYZ LOG_TEST message 10000 ABCDEFGHIJKLMNOPQRSTUBWXYZ LOG_TEST message 10000 ABCDEFGHIJKLMNOPQRSTUBWXYZ LOG_TEST message 10000 ABCDEFGHIJKLMNOPQRSTUBWXYZ LOG_TEST message 10000 ABCDEFGHIJKLMNOPQRSTUBWXYZ LOG_TEST message 10000 ABCDEFGHIJKLMNOPQRSTUBWXYZ LOG_TEST message 10000 ABCDEFGHIJKLMNOPQRSTUBWXYZ LOG_TEST message 10000 ABCDEFGHIJKLMNOPQRSTUBWXYZ LOG_TEST message 10000 ABCDEFGHIJKLMNOPQRSTUBWXYZ LOG_TEST message 10000 ABCDEFGHIJKLMNOPQRSTUBWXYZ 
